ax,ay,az,gx,gy,gz,time
-0.083984,-0.072266,-1.013184,-7.080078,-2.258301,-2.624512,0.002044
-0.07959,-0.069824,-1.009766,-7.93457,-2.990723,-2.624512,0.005294
-0.069336,-0.077148,-1.021484,-9.277344,-4.943848,-0.793457,0.018674
-0.072266,-0.074219,-1.03418,-9.58252,-4.821777,-0.244141,0.021819
-0.088379,-0.08252,-1.055664,-10.25391,-3.967285,-0.061035,0.035171
-0.087402,-0.084473,-1.061035,-8.361816,-4.211426,-0.244141,0.048537
-0.087402,-0.084961,-1.063965,-7.873535,-3.723145,-0.427246,0.051682
-0.083008,-0.071289,-1.076172,-5.432129,-2.319336,0.0,0.064994
-0.083008,-0.077637,-1.070801,-4.699707,-2.502441,0.366211,0.068113
-0.089355,-0.079102,-1.066895,-2.13623,-3.479004,0.488281,0.081438
-0.094727,-0.072754,-1.057617,-1.586914,-3.295898,0.915527,0.094802
-0.103516,-0.075684,-1.060059,-1.342773,-3.051758,0.671387,0.097935
-0.10498,-0.068848,-1.056152,-0.854492,-1.342773,-0.12207,0.111247
-0.10498,-0.067383,-1.048828,-0.366211,-1.586914,-0.12207,0.114404
-0.094727,-0.059082,-1.040527,0.732422,-2.807617,-0.549316,0.127785
-0.085938,-0.056641,-1.027832,0.732422,-2.197266,-0.061035,0.141157
-0.083496,-0.052734,-1.022949,0.671387,-2.502441,0.244141,0.144294
-0.085449,-0.055176,-1.007813,-0.183105,-3.723145,0.854492,0.157612
-0.100098,-0.060547,-1.01123,-1.342773,-3.601074,1.708984,0.170982
-0.106445,-0.060547,-1.01416,-1.647949,-3.417969,1.464844,0.17412
-0.116699,-0.058105,-1.005859,-3.112793,-2.746582,0.305176,0.187482
-0.114746,-0.052734,-1.013184,-3.479004,-2.746582,0.244141,0.190612
-0.119141,-0.057617,-1.027832,-4.211426,-2.624512,-0.976563,0.203926
-0.10498,-0.067871,-1.056152,-2.990723,-1.708984,-2.380371,0.217245
-0.099121,-0.05957,-1.05127,-2.868652,-0.793457,-2.746582,0.220399
-0.087891,-0.055664,-1.034668,-1.159668,0.183105,-2.13623,0.233769
-0.086914,-0.060059,-1.038574,-0.915527,-0.366211,-1.647949,0.236901
-0.092285,-0.062988,-1.025391,-0.671387,-2.13623,-1.098633,0.250216
-0.103516,-0.066895,-1.015625,-2.380371,-2.319336,-1.037598,0.263627
-0.100586,-0.067871,-1.019531,-2.624512,-2.746582,-1.098633,0.266773
-0.09082,-0.071289,-1.019531,-4.455566,-3.78418,-1.220703,0.28017
-0.072754,-0.072266,-1.03125,-5.065918,-3.417969,-0.793457,0.293537
-0.068848,-0.074219,-1.032715,-5.065918,-2.868652,-0.793457,0.296682
-0.070313,-0.068848,-1.024902,-4.638672,-2.380371,0.183105,0.309993
-0.071289,-0.073242,-1.027344,-4.394531,-2.380371,0.427246,0.313128
-0.094238,-0.078613,-1.034668,-5.065918,-2.868652,0.976563,0.326474
-0.098633,-0.086914,-1.042969,-5.004883,-2.685547,-0.12207,0.339815
-0.097656,-0.088379,-1.041992,-4.638672,-2.624512,-0.183105,0.342961
-0.085449,-0.086914,-1.045898,-3.479004,0.061035,-0.915527,0.356374
-0.079102,-0.07959,-1.050781,-3.234863,0.305176,-1.037598,0.359506
-0.066895,-0.076172,-1.036133,-2.807617,-0.610352,-0.305176,0.372818
-0.071777,-0.07666,-1.038086,-2.502441,-1.77002,0.915527,0.386154
-0.068359,-0.078613,-1.038086,-2.563477,-1.831055,1.403809,0.389286
-0.085449,-0.080566,-1.038086,-2.807617,-2.868652,2.197266,0.402664
-0.096191,-0.078613,-1.049805,-1.708984,-1.77002,1.89209,0.41603
-0.101074,-0.07959,-1.042969,-1.77002,-1.586914,1.281738,0.41917
-0.104492,-0.075684,-1.037598,-0.305176,-1.159668,0.183105,0.432506
-0.100098,-0.070313,-1.041016,0.183105,-0.854492,-0.244141,0.435622
-0.093262,-0.063965,-1.037109,0.976563,1.464844,-0.793457,0.448975
-0.095215,-0.058594,-1.005371,-0.488281,0.671387,-1.220703,0.46228
-0.089355,-0.061523,-1.004883,-0.976563,0.305176,-1.159668,0.465429
-0.089844,-0.062012,-1.015625,-3.845215,0.183105,-0.915527,0.478793
-0.09082,-0.057129,-1.014648,-4.516602,0.183105,-0.793457,0.481926
-0.093262,-0.058105,-1.027832,-6.04248,-2.441406,-0.061035,0.49522
-0.092773,-0.062012,-1.057617,-5.004883,-2.13623,-0.427246,0.508571
-0.089844,-0.062012,-1.056641,-5.004883,-1.586914,-0.244141,0.511717
-0.09082,-0.059082,-1.055176,-3.112793,0.244141,-0.976563,0.525097
-0.09668,-0.0625,-1.053223,-2.746582,0.366211,-1.281738,0.528218
-0.084473,-0.060547,-1.037598,-2.807617,0.793457,-1.647949,0.541562
-0.076172,-0.067871,-1.020508,-3.845215,-0.061035,-1.281738,0.554929
-0.078613,-0.06543,-1.021484,-3.90625,-0.549316,-1.159668,0.558088
-0.080566,-0.071777,-1.034668,-4.516602,-2.075195,-1.098633,0.571499
-0.077148,-0.070313,-1.035156,-4.394531,-2.01416,-1.342773,0.574646
-0.07666,-0.07666,-1.029785,-4.760742,-1.77002,-1.281738,0.588033
-0.075195,-0.077637,-1.036133,-4.821777,-1.647949,-1.159668,0.601388
-0.070801,-0.073242,-1.037109,-4.882813,-1.647949,-1.403809,0.604544
-0.07666,-0.069824,-1.036621,-4.516602,-1.77002,-1.037598,0.617924
-0.086426,-0.071777,-1.038574,-4.699707,-2.075195,-0.732422,0.631303
-0.083008,-0.067383,-1.04541,-5.004883,-2.197266,-0.427246,0.634471
-0.089844,-0.071777,-1.043945,-5.432129,-1.831055,-0.244141,0.647835
-0.092285,-0.074219,-1.046387,-5.615234,-1.77002,-0.366211,0.650985
-0.089844,-0.07666,-1.056152,-5.310059,-1.586914,-0.732422,0.66433
-0.07959,-0.073242,-1.047852,-4.638672,-0.305176,-0.854492,0.677676
-0.074707,-0.073242,-1.047363,-4.333496,-0.183105,-0.549316,0.680821
-0.07959,-0.081543,-1.046387,-4.760742,0.12207,0.12207,0.694224
-0.077637,-0.077148,-1.044434,-4.760742,0.0,-0.061035,0.69733
-0.07666,-0.07666,-1.052246,-4.577637,-0.793457,0.12207,0.710688
-0.083008,-0.070313,-1.051758,-4.150391,-1.708984,0.488281,0.724041
-0.08252,-0.071777,-1.051758,-3.540039,-1.708984,0.427246,0.727179
-0.08252,-0.071289,-1.045898,-2.746582,-0.793457,-0.244141,0.740542
-0.084961,-0.071777,-1.043945,-2.563477,-0.610352,-0.183105,0.743691
-0.088867,-0.071777,-1.033691,-2.502441,-1.037598,-0.549316,0.757019
-0.077637,-0.076172,-1.025391,-3.112793,-1.281738,-0.976563,0.770416
-0.07959,-0.072754,-1.033691,-3.479004,-1.220703,-0.732422,0.773574
-0.068848,-0.074219,-1.04248,-3.662109,-0.244141,0.061035,0.78696
-0.070313,-0.072266,-1.046387,-3.845215,0.0,0.0,0.7901
-0.075684,-0.077637,-1.036621,-3.78418,-0.854492,0.488281,0.803333
-0.080566,-0.066895,-1.037109,-3.234863,-1.037598,0.12207,0.816673
-0.078125,-0.063477,-1.047363,-2.929688,-1.586914,0.183105,0.819803
-0.078125,-0.071289,-1.04541,-2.502441,-1.342773,0.366211,0.833161
-0.076172,-0.069336,-1.041504,-2.197266,-1.159668,0.488281,0.836293
-0.085938,-0.073242,-1.041016,-2.380371,-0.549316,0.12207,0.849614
-0.086914,-0.07666,-1.023926,-3.051758,-1.037598,-0.366211,0.862917
-0.081543,-0.076172,-1.022461,-3.295898,-1.281738,-0.305176,0.866071
-0.082031,-0.077637,-1.03125,-3.601074,0.183105,-0.549316,0.8794
-0.080566,-0.078613,-1.037598,-3.601074,0.671387,-0.549316,0.882542
-0.07666,-0.07666,-1.039063,-3.723145,1.77002,-0.671387,0.895885
-0.07373,-0.073242,-1.044434,-4.272461,0.244141,-0.244141,0.909227
-0.080566,-0.07373,-1.042969,-4.333496,-0.183105,-0.427246,0.912374
-0.071289,-0.073242,-1.049805,-4.02832,-1.403809,0.488281,0.925742
-0.075195,-0.069824,-1.05957,-4.272461,-0.915527,0.854492,0.928874
-0.088867,-0.080566,-1.071289,-2.441406,1.220703,0.854492,0.942189
-0.088379,-0.073242,-1.059082,0.12207,2.197266,0.427246,0.955509
-0.094238,-0.075195,-1.047363,0.183105,2.13623,0.183105,0.958609
-0.092285,-0.07666,-1.030273,-0.671387,1.77002,-0.549316,0.971919
-0.091309,-0.074219,-1.022949,-1.281738,1.586914,-0.366211,0.975054
-0.093262,-0.066406,-1.025391,-2.502441,0.549316,-0.12207,0.988398
-0.094238,-0.071777,-1.033203,-2.929688,0.793457,-0.610352,1.001752
-0.092285,-0.063965,-1.027344,-2.868652,1.403809,-0.427246,1.004885
-0.104492,-0.070313,-1.042969,-3.173828,2.563477,-1.342773,1.018211
-0.101563,-0.067871,-1.038086,-3.356934,2.685547,-1.403809,1.021354
-0.089355,-0.064941,-1.026367,-3.479004,1.647949,-2.075195,1.034666
-0.078125,-0.072266,-1.027344,-4.577637,0.854492,-1.831055,1.047988
-0.07373,-0.069336,-1.026855,-4.272461,1.037598,-1.403809,1.05112
-0.071289,-0.075195,-1.020508,-5.126953,2.563477,-0.793457,1.064441
-0.069824,-0.068359,-1.024414,-4.699707,1.403809,-0.183105,1.077792
-0.071777,-0.066406,-1.02002,-4.699707,1.159668,0.061035,1.080924
-0.083008,-0.073242,-1.036621,-4.089355,1.159668,-0.183105,1.094248
-0.080566,-0.076172,-1.03418,-4.089355,1.220703,-0.183105,1.097395
-0.083496,-0.077637,-1.021484,-3.601074,0.976563,-0.549316,1.110736
-0.076172,-0.075684,-1.031738,-3.845215,1.220703,-0.427246,1.124041
-0.080078,-0.071777,-1.029297,-3.601074,1.159668,-0.488281,1.127179
-0.07373,-0.074219,-1.036621,-3.723145,1.220703,-0.061035,1.140516
-0.075195,-0.066406,-1.027344,-3.601074,1.098633,0.244141,1.143646
-0.082031,-0.066406,-1.02832,-3.295898,0.732422,0.488281,1.156936
-0.088867,-0.0625,-1.031738,-3.234863,0.244141,0.732422,1.170253
-0.088867,-0.063965,-1.032715,-3.417969,0.549316,0.854492,1.173374
-0.097656,-0.069336,-1.03125,-3.78418,0.061035,0.183105,1.18669
-0.095703,-0.066895,-1.036621,-3.78418,0.244141,0.366211,1.189804
-0.106445,-0.068359,-1.038086,-4.455566,0.671387,0.12207,1.203134
-0.105469,-0.070801,-1.043945,-4.577637,0.366211,-1.037598,1.216497
-0.10498,-0.066895,-1.057129,-4.089355,0.610352,-1.586914,1.219629
-0.09375,-0.063965,-1.049805,-2.929688,0.671387,-2.380371,1.23298
-0.087891,-0.064453,-1.039551,-2.685547,0.549316,-2.197266,1.23612
-0.066895,-0.067871,-1.033691,-2.319336,-0.244141,-1.525879,1.249503
-0.068359,-0.070801,-1.033203,-2.868652,-0.12207,-0.427246,1.262872
-0.068359,-0.077148,-1.019043,-2.990723,0.0,-0.061035,1.26602
-0.07373,-0.078125,-1.024414,-4.699707,-0.610352,0.793457,1.279392
-0.07373,-0.077637,-1.021484,-5.371094,-0.854492,0.549316,1.282536
-0.091309,-0.080566,-1.031738,-5.67627,-1.586914,0.610352,1.29589
-0.082031,-0.076172,-1.053711,-4.943848,-1.037598,-0.061035,1.309219
-0.078125,-0.075684,-1.04541,-4.333496,-0.854492,0.061035,1.312374
-0.080566,-0.073242,-1.047852,-3.356934,-0.488281,0.427246,1.325736
-0.080078,-0.074707,-1.04834,-2.807617,-0.488281,0.244141,1.328866
-0.090332,-0.078613,-1.041016,-2.380371,-0.366211,0.427246,1.342195
-0.104004,-0.080566,-1.037598,-2.075195,0.061035,0.0,1.355518
-0.101074,-0.083008,-1.038574,-2.01416,0.061035,-0.183105,1.358612
-0.098633,-0.080078,-1.026367,-2.441406,0.488281,-1.098633,1.371975
-0.099121,-0.079102,-1.028809,-2.13623,0.671387,-1.342773,1.375113
-0.083984,-0.07959,-1.026367,-2.624512,0.366211,-1.464844,1.388431
-0.07666,-0.076172,-1.01416,-3.90625,-0.061035,-0.488281,1.401766
-0.072754,-0.072754,-1.026855,-4.272461,-0.12207,-0.183105,1.404912
-0.080566,-0.077148,-1.020508,-4.577637,-1.281738,0.732422,1.41828
-0.082031,-0.08252,-1.029785,-4.943848,-1.342773,0.793457,1.421429
-0.102539,-0.086426,-1.04248,-4.882813,-0.244141,0.12207,1.434784
-0.106445,-0.078613,-1.053223,-3.479004,1.037598,-1.037598,1.448126
-0.107422,-0.07666,-1.051758,-3.356934,1.159668,-1.342773,1.451258
-0.089355,-0.071777,-1.051758,-2.13623,1.525879,-1.708984,1.464578
-0.088379,-0.075684,-1.044434,-2.01416,1.464844,-1.403809,1.46771
-0.086426,-0.080566,-1.028809,-1.708984,0.915527,-0.793457,1.48102
-0.089355,-0.07959,-1.021484,-2.319336,0.244141,-0.427246,1.494377
-0.095215,-0.080078,-1.022461,-2.685547,0.183105,-0.488281,1.49751
-0.09082,-0.075195,-1.021484,-3.295898,-0.366211,-0.366211,1.510872
-0.089844,-0.077637,-1.023438,-3.112793,-0.427246,-0.610352,1.51402
-0.088867,-0.074707,-1.024902,-2.868652,0.183105,-0.488281,1.527399
-0.092773,-0.075195,-1.014648,-1.77002,0.305176,-0.915527,1.540739
-0.101074,-0.071289,-1.021973,-1.831055,0.12207,-1.220703,1.543872
-0.091797,-0.07666,-1.01416,-2.01416,-0.12207,-1.525879,1.557189
-0.088379,-0.073242,-1.019043,-2.075195,-0.244141,-1.220703,1.560331
-0.085938,-0.070801,-1.029785,-2.01416,-0.488281,-1.037598,1.573706
-0.081543,-0.072266,-1.04248,-0.610352,-0.427246,-0.427246,1.587101
-0.084961,-0.067871,-1.040039,-0.183105,-0.732422,-0.305176,1.590252
-0.082031,-0.070313,-1.039063,2.319336,-1.342773,0.0,1.603649
-0.080078,-0.069336,-1.034668,2.624512,-1.098633,0.305176,1.606745
-0.091309,-0.066895,-1.031738,3.845215,0.12207,0.305176,1.6201
-0.104492,-0.067871,-1.041016,4.638672,0.183105,-0.854492,1.63344
-0.108398,-0.067383,-1.038086,4.821777,0.427246,-1.342773,1.636562
-0.100586,-0.063477,-1.055664,7.385254,2.319336,-2.380371,1.649876
-0.098145,-0.058594,-1.050781,8.422852,2.624512,-2.563477,1.652993
-0.091309,-0.058105,-1.053711,11.96289,4.333496,-3.173828,1.666303
-0.086914,-0.046875,-1.019531,14.89258,4.272461,-3.051758,1.679618
-0.081055,-0.046875,-0.999512,15.38086,3.540039,-3.234863,1.682733
-0.074219,-0.04541,-0.973145,13.48877,0.732422,-2.13623,1.696041
-0.074707,-0.049316,-0.958008,12.08496,-0.061035,-1.708984,1.699154
-0.080078,-0.050293,-0.976074,5.67627,-1.281738,-0.12207,1.712527
-0.092285,-0.043945,-1.011719,2.990723,-3.479004,0.244141,1.725877
-0.090332,-0.049805,-1.026855,3.173828,-3.479004,0.12207,1.728993
-0.090332,-0.048828,-1.057617,5.79834,-2.01416,-0.366211,1.742292
-0.089844,-0.044922,-1.071289,6.713867,-1.464844,-0.976563,1.745438
-0.08252,-0.033203,-1.05957,9.94873,0.12207,-1.281738,1.758793
-0.077637,-0.029785,-1.038086,10.0708,0.671387,-1.037598,1.7721
-0.079102,-0.023926,-1.035645,9.460449,0.244141,-1.037598,1.775225
-0.088379,-0.016602,-1.051758,8.117676,-1.037598,-0.671387,1.788562
-0.09082,-0.013184,-1.047852,8.361816,-1.403809,-0.915527,1.791694
-0.098633,-0.007813,-1.065918,10.74219,-0.732422,-1.708984,1.805007
-0.091309,-0.001953,-1.056641,13.67188,0.549316,-2.990723,1.818297
-0.089844,-0.000488,-1.0625,14.52637,0.793457,-3.173828,1.821428
-0.075195,0.013184,-1.045898,16.96777,1.89209,-3.662109,1.834776
-0.073242,0.012207,-1.04248,17.21191,2.258301,-4.02832,1.837876
-0.069824,0.016113,-1.01123,17.76123,2.502441,-3.845215,1.851157
-0.064453,0.032715,-0.999512,14.70947,2.258301,-3.417969,1.864466
-0.062012,0.03418,-0.992676,13.61084,1.953125,-3.112793,1.867575
-0.078125,0.042969,-0.995605,10.19287,-0.183105,-2.441406,1.880875
-0.07959,0.041504,-1.001465,9.399414,-0.427246,-2.319336,1.883992
-0.097168,0.050781,-1.02832,7.507324,-1.586914,-2.624512,1.897325
-0.120605,0.049805,-1.069824,7.019043,0.732422,-4.150391,1.910665
-0.119629,0.054199,-1.071777,7.202148,1.037598,-4.760742,1.913764
-0.115234,0.063965,-1.096191,11.35254,2.929688,-6.774902,1.927072
-0.114258,0.061523,-1.096191,12.57324,3.417969,-7.141113,1.930179
-0.111328,0.054688,-1.089355,15.50293,4.150391,-8.728027,1.943515
-0.104492,0.0625,-1.094238,18.61572,5.67627,-9.277344,1.956787
-0.106445,0.060547,-1.089355,19.53125,5.859375,-9.094238,1.959887
-0.108398,0.061523,-1.054199,19.83643,3.234863,-9.94873,1.973197
-0.106934,0.063965,-1.05957,20.1416,2.807617,-10.00977,1.976296
-0.100098,0.062012,-1.108887,19.40918,4.760742,-10.25391,1.989646
-0.111816,0.05957,-1.162109,24.16992,9.399414,-12.08496,2.002979
-0.103516,0.062988,-1.16748,26.61133,9.765625,-12.45117,2.006088
-0.125,0.050293,-1.256836,37.23145,15.31982,-13.91602,2.019392
-0.12793,0.040527,-1.272461,39.97803,18.24951,-14.95361,2.02251
-0.139648,0.036133,-1.311035,55.78613,29.90723,-18.79883,2.035821
-0.130859,0.055176,-1.250977,74.8291,33.56934,-22.2168,2.049152
-0.122559,0.057617,-1.232422,78.85742,33.02002,-22.58301,2.052254
-0.089355,0.080078,-1.161621,91.43066,35.46143,-23.31543,2.065565
-0.085449,0.083984,-1.144531,92.77344,36.86523,-23.31543,2.068664
-0.060547,0.101074,-1.009766,95.52002,38.69629,-21.1792,2.081991
-0.065918,0.133789,-0.916016,91.06445,35.5835,-15.19775,2.095353
-0.076172,0.133789,-0.884277,88.0127,34.42383,-14.09912,2.098466
-0.124512,0.147461,-0.895996,73.6084,29.90723,-10.19287,2.111763
-0.14209,0.152832,-0.897461,70.3125,29.66309,-9.277344,2.114863
-0.194824,0.173828,-0.953613,62.43896,23.74268,-9.460449,2.128147
-0.198242,0.180664,-1.019043,62.43896,20.44678,-11.53564,2.141474
-0.195313,0.187012,-1.026855,63.04932,20.08057,-12.146,2.144579
-0.169922,0.209473,-1.04541,66.46729,20.87402,-12.20703,2.157884
-0.160645,0.210449,-1.048828,66.95557,21.11816,-11.96289,2.160981
-0.156738,0.216797,-1.041016,69.15283,23.98682,-11.59668,2.174295
-0.162598,0.214844,-1.030273,69.70215,26.97754,-10.68115,2.187586
-0.164551,0.216797,-1.041504,70.37354,27.83203,-10.74219,2.190683
-0.151367,0.222656,-1.042969,73.73047,29.84619,-11.04736,2.203988
-0.146973,0.224609,-1.039063,74.646,30.09033,-10.55908,2.207097
-0.133789,0.220703,-1.04248,78.06396,31.12793,-9.643555,2.220429
-0.120117,0.228516,-1.008789,81.604,29.23584,-7.93457,2.233778
-0.115234,0.237793,-1.009766,82.21436,28.68652,-7.385254,2.236876
-0.107422,0.260254,-0.980957,83.61816,28.38135,-3.967285,2.250187
-0.106934,0.269531,-0.964844,83.8623,28.25928,-2.624512,2.253289
-0.133301,0.296387,-0.952148,82.4585,28.07617,1.708984,2.266584
-0.179688,0.311523,-0.962402,81.05469,29.1748,3.479004,2.279882
-0.184082,0.319336,-0.964844,81.17676,29.35791,3.662109,2.282962
-0.23291,0.335938,-0.979004,82.21436,30.51758,4.699707,2.296268
-0.244141,0.330078,-0.984375,82.21436,31.61621,4.02832,2.299355
-0.243652,0.34375,-0.983398,84.04541,35.7666,1.647949,2.312654
-0.230469,0.396484,-0.958496,85.08301,37.47559,3.051758,2.325952
-0.242676,0.397949,-0.949707,85.38818,37.41455,3.417969,2.329035
-0.254395,0.405273,-0.932129,83.74023,35.27832,3.234863,2.34233
-0.250488,0.413086,-0.936035,83.25195,35.21729,3.662109,2.345418
-0.256348,0.425293,-0.948242,82.33643,39.67285,3.845215,2.358739
-0.26123,0.469727,-0.932617,84.04541,42.17529,5.310059,2.372061
-0.263184,0.472656,-0.931152,84.16748,42.60254,5.79834,2.375143
-0.295898,0.486328,-0.899414,86.30371,41.80908,6.164551,2.388464
-0.300293,0.486328,-0.896484,86.24268,41.93115,5.981445,2.39154
-0.321289,0.496582,-0.869141,84.28955,42.41943,4.089355,2.404833
-0.312012,0.525391,-0.833008,82.6416,38.08594,2.685547,2.418148
-0.310059,0.529297,-0.821289,82.03125,37.71973,2.868652,2.42122
-0.290039,0.551758,-0.784668,78.73535,33.75244,3.295898,2.434544
-0.280762,0.561035,-0.776367,77.69775,32.65381,3.845215,2.437627
-0.283691,0.581055,-0.774414,72.63184,29.60205,6.286621,2.450919
-0.301758,0.59082,-0.79248,68.90869,34.42383,6.591797,2.464254
-0.301758,0.597168,-0.787109,68.96973,34.5459,6.774902,2.46734
-0.30957,0.618652,-0.761719,68.84766,31.12793,7.69043,2.480649
-0.310059,0.621582,-0.756348,68.35938,30.45654,8.056641,2.483731
-0.334961,0.633789,-0.723145,67.19971,27.52686,8.361816,2.49703
-0.341309,0.630859,-0.717773,67.0166,27.64893,7.69043,2.50012
-0.350098,0.636719,-0.65332,62.43896,28.01514,5.67627,2.513376
-0.334961,0.665039,-0.569336,55.78613,23.86475,6.04248,2.526645
-0.335449,0.669922,-0.562012,52.85645,22.64404,6.225586,2.529728
-0.335938,0.679688,-0.527344,40.58838,16.90674,8.300781,2.542982
-0.348145,0.674316,-0.539551,37.8418,16.35742,8.544922,2.546069
-0.375488,0.661621,-0.590332,28.38135,16.72363,6.774902,2.5594
-0.360352,0.690918,-0.648438,25.87891,19.47021,5.126953,2.572693
-0.355957,0.690918,-0.65332,25.93994,19.53125,4.943848,2.575773
-0.339355,0.706055,-0.63916,28.50342,18.49365,6.225586,2.589088
-0.34375,0.703613,-0.626953,28.93066,17.76123,6.408691,2.592179
-0.385742,0.67041,-0.666992,27.89307,22.52197,5.371094,2.60545
-0.395996,0.680664,-0.661133,29.1748,30.45654,2.01416,2.618763
-0.385742,0.686035,-0.655273,30.15137,31.00586,1.464844,2.621846
-0.380371,0.69043,-0.640625,31.98242,31.67725,0.732422,2.635148
-0.373535,0.687012,-0.638184,32.16553,32.04346,0.732422,2.638218
-0.369629,0.689941,-0.648926,32.59277,35.15625,0.549316,2.65151
-0.367676,0.696289,-0.644043,34.729,39.00146,0.244141,2.664763
-0.367676,0.702637,-0.639648,35.27832,38.69629,0.732422,2.667846
-0.357422,0.723145,-0.597656,38.20801,36.86523,2.685547,2.681148
-0.355469,0.72998,-0.572754,38.26904,36.43799,3.540039,2.68422
-0.384277,0.734375,-0.515625,35.88867,31.61621,5.615234,2.69753
-0.424316,0.732422,-0.478516,29.1748,24.23096,6.408691,2.710833
-0.432617,0.73291,-0.466797,27.58789,22.52197,6.469727,2.713913
-0.457031,0.725586,-0.504883,19.89746,18.12744,5.249023,2.727227
-0.455566,0.724609,-0.522461,18.73779,17.82227,4.943848,2.730314
-0.446289,0.736328,-0.558105,17.57813,16.05225,2.990723,2.743608
-0.417969,0.741699,-0.583008,19.9585,11.65771,2.624512,2.756938
-0.414551,0.73584,-0.59082,20.32471,11.04736,2.441406,2.760018
-0.38916,0.72998,-0.606445,24.4751,11.35254,3.112793,2.77333
-0.384766,0.737793,-0.595703,25.75684,11.59668,3.601074,2.776418
-0.383301,0.736328,-0.559082,27.89307,11.96289,5.004883,2.789708
-0.388184,0.733887,-0.545898,28.13721,11.41357,5.493164,2.792788
-0.411133,0.730957,-0.509766,26.24512,7.446289,6.408691,2.806069
-0.441895,0.710449,-0.552246,22.70508,10.31494,5.310059,2.819374
-0.442871,0.70752,-0.562012,22.64404,12.87842,4.333496,2.822474
-0.433594,0.726074,-0.572754,23.74268,16.8457,2.502441,2.835768
-0.424316,0.730957,-0.580078,24.78027,16.47949,2.441406,2.838849
-0.420898,0.751953,-0.560059,29.84619,13.3667,4.150391,2.852105
-0.428711,0.754883,-0.52002,32.22656,6.774902,4.394531,2.865435
-0.432617,0.756836,-0.510254,32.40967,6.286621,4.516602,2.868527
-0.433594,0.760254,-0.476074,30.45654,5.310059,4.821777,2.881828
-0.43457,0.760742,-0.468262,29.72412,4.943848,5.187988,2.88491
-0.447266,0.767578,-0.450684,25.93994,2.868652,6.04248,2.898219
-0.46875,0.776367,-0.424805,22.03369,0.549316,5.310059,2.911506
-0.472168,0.77002,-0.428711,20.87402,0.0,5.065918,2.914587
-0.471191,0.759766,-0.467773,15.19775,4.394531,3.540039,2.927854
-0.465332,0.761719,-0.470703,14.22119,5.432129,3.173828,2.930938
-0.446289,0.777832,-0.492188,11.65771,7.080078,1.831055,2.944247
-0.445313,0.78418,-0.495117,12.02393,5.92041,2.075195,2.94734
-0.418945,0.793945,-0.473633,12.93945,0.366211,3.540039,2.960665
-0.419434,0.800293,-0.432129,9.460449,-4.821777,7.263184,2.973966
-0.428711,0.797363,-0.421875,7.93457,-5.065918,7.8125,2.97707
-0.464844,0.782227,-0.400391,0.366211,-5.371094,7.8125,2.990334
-0.469238,0.790527,-0.37793,-1.647949,-6.591797,7.751465,2.993438
-0.478027,0.781738,-0.38623,-11.84082,-12.3291,8.422852,3.006756
-0.48291,0.76416,-0.431641,-20.44678,-6.835938,6.774902,3.02012
-0.478027,0.769531,-0.446289,-21.97266,-5.859375,6.530762,3.023237
-0.469727,0.760742,-0.517578,-27.03857,-1.953125,5.79834,3.036604
-0.470215,0.751953,-0.523926,-27.34375,-1.464844,5.859375,3.039717
-0.438965,0.765137,-0.523926,-26.48926,-5.004883,6.04248,3.053064
-0.418945,0.757324,-0.525391,-27.83203,-6.591797,7.995605,3.066401
-0.418457,0.754883,-0.500488,-28.80859,-7.873535,8.605957,3.069527
-0.429199,0.760254,-0.466309,-33.14209,-17.63916,9.643555,3.082812
-0.429199,0.759277,-0.458984,-35.15625,-19.77539,10.00977,3.085927
-0.460938,0.736328,-0.561035,-41.25977,-22.58301,10.19287,3.099247
-0.488281,0.745117,-0.684082,-36.92627,-10.86426,8.911133,3.112534
-0.492676,0.751953,-0.692383,-34.48486,-9.094238,8.728027,3.115647
-0.480957,0.750488,-0.706543,-21.48438,-2.868652,7.202148,3.128968
-0.471191,0.750977,-0.691406,-18.85986,-1.89209,7.019043,3.132094
-0.436523,0.760742,-0.599121,-12.63428,1.953125,8.850098,3.1454
-0.439941,0.755371,-0.488281,-15.38086,2.868652,11.2915,3.15867
-0.44873,0.750977,-0.470703,-17.08984,2.563477,11.84082,3.16177
-0.480469,0.765137,-0.421875,-27.28271,-4.882813,13.48877,3.175064
-0.491211,0.756348,-0.426758,-30.09033,-6.713867,13.48877,3.178187
-0.505371,0.747559,-0.461914,-37.53662,-11.96289,12.20703,3.191536
-0.479492,0.740723,-0.506836,-42.41943,-16.47949,11.59668,3.204835
-0.473633,0.741211,-0.509277,-43.27393,-16.72363,11.71875,3.207952
-0.449219,0.742188,-0.526855,-45.77637,-19.22607,13.18359,3.221258
-0.445801,0.729492,-0.538086,-46.14258,-18.98193,13.24463,3.224388
-0.458496,0.713379,-0.558105,-47.18018,-15.38086,14.09912,3.23771
-0.481445,0.6875,-0.587402,-47.85156,-9.82666,12.75635,3.250995
-0.480957,0.686035,-0.580566,-47.79053,-9.460449,12.45117,3.25412
-0.458496,0.682617,-0.581543,-46.69189,-8.972168,11.65771,3.267432
-0.450684,0.686035,-0.5625,-46.50879,-9.277344,11.65771,3.27056
-0.414551,0.675781,-0.517578,-49.49951,-13.18359,13.06152,3.283893
-0.419922,0.655273,-0.499023,-56.27441,-16.54053,15.07568,3.297218
-0.430176,0.655273,-0.505859,-58.1665,-17.08984,15.68604,3.30034
-0.489746,0.629883,-0.567871,-64.5752,-19.16504,14.5874,3.31363
-0.498047,0.626953,-0.578125,-64.81934,-19.71436,13.85498,3.316747
-0.466797,0.636719,-0.642578,-63.41553,-19.83643,12.20703,3.330079
-0.452637,0.634277,-0.627441,-61.4624,-19.89746,12.45117,3.343412
-0.449707,0.626953,-0.629883,-61.34033,-20.08057,12.45117,3.346539
-0.446289,0.618164,-0.621094,-63.90381,-21.24023,14.09912,3.359822
-0.443848,0.624023,-0.629395,-65.00244,-22.52197,14.77051,3.362938
-0.462891,0.618164,-0.662109,-66.34521,-25.20752,16.11328,3.376259
-0.483398,0.606934,-0.688965,-66.65039,-23.74268,15.93018,3.389606
-0.491699,0.603516,-0.682617,-67.19971,-23.31543,15.86914,3.392719
-0.516602,0.563477,-0.749023,-68.60352,-17.63916,13.06152,3.406034
-0.507813,0.565918,-0.75,-67.68799,-17.15088,12.39014,3.409151
-0.450195,0.568359,-0.756348,-64.02588,-14.64844,11.90186,3.422482
-0.41748,0.557129,-0.694336,-64.27002,-15.44189,14.52637,3.435769
-0.417969,0.547852,-0.683105,-65.55176,-16.41846,15.01465,3.438885
-0.458008,0.523438,-0.670898,-72.63184,-18.98193,16.41846,3.452183
-0.472168,0.520996,-0.675781,-74.34082,-20.32471,16.17432,3.455304
-0.491211,0.508301,-0.711426,-79.3457,-26.97754,14.70947,3.46863
-0.469727,0.506348,-0.725586,-82.58057,-32.34863,14.28223,3.481966
-0.466797,0.506348,-0.734863,-83.74023,-32.77588,14.34326,3.485094
-0.48584,0.486816,-0.749023,-88.86719,-32.10449,13.91602,3.498464
-0.5,0.480957,-0.755859,-90.57617,-30.88379,13.12256,3.501587
-0.528809,0.42334,-0.870117,-93.32275,-18.06641,7.8125,3.514877
-0.460449,0.43457,-0.875977,-89.17236,-12.02393,4.943848,3.52824
-0.44043,0.441895,-0.866211,-88.50098,-12.3291,5.187988,3.531362
-0.39502,0.422363,-0.842773,-88.43994,-16.35742,9.155273,3.544719
-0.404297,0.412109,-0.831055,-88.62305,-18.06641,10.00977,3.547835
-0.430176,0.38623,-0.799805,-91.12549,-27.70996,12.146,3.561154
-0.458496,0.350586,-0.804688,-96.74072,-36.37695,11.96289,3.57451
-0.455078,0.341797,-0.808594,-98.02246,-38.14697,11.35254,3.577627
-0.466797,0.304199,-0.925781,-102.1729,-34.91211,8.789063,3.590912
-0.462402,0.297852,-0.947754,-101.9897,-32.77588,7.751465,3.594031
-0.421387,0.310059,-0.999023,-95.45898,-27.89307,5.79834,3.607361
-0.380859,0.287109,-1.040527,-86.79199,-22.09473,6.530762,3.620686
-0.381348,0.287109,-1.027344,-84.83887,-21.30127,6.958008,3.623804
-0.354004,0.271973,-0.992188,-77.81982,-22.3999,8.605957,3.63712
-0.353027,0.272949,-0.990723,-76.9043,-22.76611,9.399414,3.640237
-0.365234,0.246582,-0.9375,-74.40186,-23.25439,10.98633,3.65355
-0.381836,0.248047,-0.881348,-74.27979,-27.46582,11.35254,3.666898
-0.386719,0.245605,-0.871094,-75.19531,-28.44238,11.53564,3.670013
-0.420898,0.211914,-0.876953,-80.56641,-29.84619,10.00977,3.683292
-0.422363,0.210449,-0.875488,-81.78711,-29.96826,9.338379,3.686418
-0.408203,0.212402,-0.893066,-84.04541,-30.57861,6.713867,3.699753
-0.388184,0.200684,-0.903809,-87.09717,-31.31104,5.981445,3.713041
-0.390625,0.189941,-0.913086,-87.40234,-31.12793,6.103516,3.716154
-0.398438,0.157227,-0.994141,-88.13477,-28.44238,3.723145,3.729491
-0.396484,0.148926,-1.012207,-86.79199,-27.28271,3.051758,3.732607
-0.344727,0.163574,-1.043457,-79.52881,-21.66748,2.258301,3.745904
-0.319336,0.145508,-1.031738,-72.32666,-16.11328,3.051758,3.759272
-0.316406,0.145996,-1.005859,-71.3501,-15.44189,3.234863,3.762398
-0.297852,0.141602,-0.958984,-68.2373,-15.56396,5.615234,3.775692
-0.29834,0.13623,-0.95166,-68.54248,-15.50293,5.981445,3.778805
-0.345703,0.116211,-0.926758,-70.61768,-18.37158,6.408691,3.792132
-0.362793,0.097656,-0.948242,-71.22803,-19.104,5.126953,3.805512
-0.368164,0.095703,-0.943359,-71.3501,-18.98193,4.577637,3.808628
-0.366211,0.068359,-0.970215,-71.96045,-16.17432,2.441406,3.821928
-0.363281,0.072754,-0.972656,-71.65527,-15.74707,1.77002,3.825048
-0.319336,0.069824,-0.949707,-70.61768,-16.8457,1.220703,3.838388
-0.287109,0.064941,-0.933594,-70.67871,-19.34814,3.601074,3.851702
-0.292969,0.060059,-0.945801,-70.98389,-19.77539,4.455566,3.854818
-0.305176,0.041992,-0.935059,-73.05908,-21.3623,6.225586,3.868131
-0.319336,0.042969,-0.944824,-73.24219,-22.3999,6.713867,3.87125
-0.348145,0.015137,-1.010742,-73.97461,-22.33887,6.652832,3.884562
-0.333008,0.004883,-1.063477,-68.35938,-21.24023,5.493164,3.897882
-0.319336,0.004883,-1.074219,-66.34521,-19.83643,5.432129,3.900996
-0.275391,0.000488,-1.025391,-59.08203,-15.38086,7.507324,3.914297
-0.270508,-0.007813,-1.01123,-57.49512,-14.83154,7.93457,3.917428
-0.295898,-0.017578,-0.944824,-56.39648,-14.52637,10.31494,3.930761
-0.341797,-0.04248,-0.92334,-58.47168,-17.45605,9.155273,3.944119
-0.340332,-0.050293,-0.925293,-58.77686,-17.45605,8.422852,3.947252
-0.347168,-0.060059,-0.945801,-59.2041,-14.77051,6.347656,3.960627
-0.345703,-0.061523,-0.958008,-58.89893,-14.4043,5.67627,3.963756
-0.316895,-0.073242,-0.975098,-55.84717,-11.84082,2.807617,3.977069
-0.260254,-0.077148,-0.947754,-51.45264,-11.1084,2.685547,3.990429
-0.254395,-0.082031,-0.938965,-50.47607,-11.2915,3.112793,3.993571
-0.26416,-0.107422,-0.89209,-49.86572,-13.24463,4.455566,4.006936
-0.265625,-0.11377,-0.882813,-50.04883,-13.85498,4.455566,4.010072
-0.266602,-0.121094,-0.876465,-52.06299,-16.41846,4.455566,4.023398
-0.280273,-0.138672,-0.916016,-53.83301,-16.96777,4.089355,4.036698
-0.279785,-0.139648,-0.927734,-53.83301,-16.8457,3.78418,4.039832
-0.280762,-0.151855,-0.979004,-50.90332,-16.8457,2.990723,4.05315
-0.277832,-0.15332,-0.987305,-49.74365,-16.41846,2.868652,4.056283
-0.253906,-0.165527,-0.976074,-44.73877,-16.41846,2.685547,4.06963
-0.259766,-0.193359,-0.958008,-42.90771,-15.93018,2.685547,4.082965
-0.26123,-0.195313,-0.958496,-42.48047,-15.625,2.685547,4.086105
-0.26416,-0.201172,-0.942383,-40.95459,-16.60156,0.854492,4.099418
-0.269531,-0.203613,-0.941895,-40.89355,-16.78467,0.366211,4.10256
-0.28125,-0.233887,-1.005371,-39.24561,-13.30566,-2.807617,4.115862
-0.263672,-0.237793,-1.046875,-33.38623,-7.995605,-5.737305,4.129242
-0.250488,-0.237305,-1.038574,-32.04346,-7.385254,-6.225586,4.1324
-0.187988,-0.240234,-1.046387,-23.92578,-8.361816,-5.187988,4.145789
-0.15332,-0.241699,-1.035156,-17.51709,-10.86426,-1.159668,4.159145
-0.148438,-0.242188,-1.026855,-15.50293,-11.96289,-0.183105,4.162294
-0.161133,-0.240234,-1.002441,-9.82666,-14.89258,4.394531,4.17568
-0.16748,-0.240234,-1.001465,-9.338379,-15.25879,5.187988,4.178812
-0.232422,-0.249023,-1.012695,-7.568359,-13.61084,7.080078,4.192171
-0.316895,-0.255371,-1.067383,-3.295898,-4.272461,2.807617,4.205499
-0.328613,-0.25,-1.067383,-1.831055,-1.831055,1.220703,4.20863
-0.297852,-0.233887,-1.056641,5.432129,6.103516,-4.150391,4.221939
-0.282715,-0.227051,-1.047852,7.141113,7.202148,-4.760742,4.225057
-0.180664,-0.190918,-1.0,12.20703,3.417969,-3.356934,4.238354
-0.111328,-0.146484,-0.995117,19.89746,-1.220703,4.638672,4.25169
-0.114746,-0.149414,-1.000488,22.03369,-0.915527,6.896973,4.254803
-0.197754,-0.14502,-0.938477,26.97754,1.037598,12.20703,4.268169
-0.225098,-0.14502,-0.922852,26.97754,0.854492,12.63428,4.271272
-0.294922,-0.151855,-0.884766,22.46094,-0.061035,11.47461,4.284584
-0.293945,-0.140137,-0.883301,18.67676,0.976563,9.70459,4.297881
-0.288574,-0.137695,-0.879883,17.27295,1.220703,9.399414,4.300979
-0.255859,-0.147461,-0.887207,11.71875,0.0,8.117676,4.314268
-0.236816,-0.15332,-0.900879,10.49805,-1.037598,8.178711,4.317354
-0.13623,-0.124023,-0.978027,11.16943,-4.516602,11.35254,4.330683
-0.092285,-0.120117,-0.986328,14.64844,-7.385254,18.73779,4.343968
-0.092285,-0.121094,-0.984863,15.01465,-8.972168,20.87402,4.347094
-0.124512,-0.139648,-0.999512,13.79395,-15.31982,28.50342,4.360461
-0.145508,-0.144531,-1.015625,13.18359,-15.80811,29.72412,4.363582
-0.202148,-0.147949,-1.071777,12.51221,-16.41846,32.83691,4.376894
-0.231445,-0.154785,-1.120117,15.80811,-15.50293,35.21729,4.390186
-0.239258,-0.152832,-1.128906,16.96777,-13.48877,35.5835,4.393292
-0.291504,-0.156738,-1.138672,22.82715,0.183105,35.82764,4.406615
-0.309082,-0.159668,-1.123535,23.80371,2.746582,35.46143,4.409712
-0.337891,-0.138184,-1.022461,25.26855,6.408691,32.10449,4.422989
-0.312012,-0.136719,-0.92627,18.79883,-2.01416,29.66309,4.436274
-0.29834,-0.134766,-0.912109,16.35742,-4.455566,29.29688,4.4394
-0.215332,-0.146973,-0.891602,1.525879,-13.24463,30.45654,4.452721
-0.206543,-0.14502,-0.904785,-2.075195,-14.89258,31.31104,4.455838
-0.175781,-0.165527,-1.048828,-12.02393,-12.93945,34.91211,4.469181
-0.174805,-0.185059,-1.170898,-9.521484,-9.155273,37.78076,4.482505
-0.174805,-0.186035,-1.19043,-7.324219,-8.605957,38.14697,4.485623
-0.150391,-0.192871,-1.277344,6.530762,-5.92041,41.1377,4.498949
-0.148438,-0.193848,-1.274414,9.643555,-4.882813,41.68701,4.502069
-0.157715,-0.218262,-1.240234,20.75195,0.732422,43.09082,4.515436
-0.133301,-0.203125,-1.160645,28.19824,1.403809,45.16602,4.528772
-0.130859,-0.194824,-1.137207,28.93066,0.915527,46.38672,4.53187
-0.134766,-0.176758,-1.066406,29.05273,0.427246,51.2085,4.545161
-0.140137,-0.180664,-1.045898,27.9541,-0.549316,52.36816,4.548248
-0.175781,-0.172363,-1.044922,22.46094,-3.601074,56.88477,4.561613
-0.230469,-0.167969,-1.066406,18.85986,-6.896973,58.83789,4.574967
-0.241211,-0.163574,-1.080566,18.67676,-7.93457,59.44824,4.578094
-0.366211,-0.169922,-1.131836,19.71436,-8.544922,57.43408,4.591462
-0.385254,-0.172363,-1.142578,20.62988,-9.216309,55.23682,4.594583
-0.362305,-0.172852,-1.178711,26.9165,-9.155273,45.04395,4.607894
-0.23584,-0.162109,-1.145996,30.88379,-3.540039,41.50391,4.621223
-0.215332,-0.160156,-1.14502,31.79932,-2.563477,41.68701,4.624334
-0.130859,-0.157715,-1.079102,33.99658,-2.807617,44.37256,4.63763
-0.11377,-0.155273,-1.066895,34.48486,-4.02832,45.10498,4.640747
-0.087402,-0.140137,-1.01416,35.7666,-10.55908,50.10986,4.654078
-0.149414,-0.150879,-1.015137,35.46143,-9.521484,51.51367,4.667433
-0.158691,-0.151367,-1.010254,34.91211,-7.446289,51.02539,4.670559
-0.20459,-0.141113,-0.966797,30.0293,-1.098633,47.36328,4.683837
-0.194336,-0.158203,-0.969238,29.11377,0.976563,46.69189,4.686953
-0.22168,-0.116699,-0.974121,22.58301,5.554199,42.48047,4.700246
-0.23584,-0.133789,-1.003418,18.18848,11.47461,36.25488,4.713539
-0.229004,-0.141113,-1.003418,17.51709,11.41357,35.15625,4.716624
-0.155762,-0.125977,-1.05127,16.78467,6.530762,33.20313,4.729924
-0.143555,-0.123535,-1.063965,16.8457,5.432129,33.38623,4.73302
-0.121582,-0.144531,-1.100586,22.82715,1.708984,34.05762,4.746359
-0.103027,-0.140137,-1.097656,29.84619,1.037598,34.05762,4.759643
-0.101074,-0.144043,-1.095703,31.37207,1.708984,34.17969,4.76274
-0.117676,-0.125977,-1.034668,35.09521,3.967285,34.48486,4.776029
-0.124023,-0.123047,-1.024414,35.5835,4.150391,34.5459,4.779133
-0.16748,-0.100098,-0.968262,34.85107,1.525879,32.95898,4.792483
-0.210449,-0.094238,-0.916992,30.09033,1.525879,29.78516,4.805834
-0.220215,-0.100098,-0.916504,28.25928,2.13623,28.62549,4.808931
-0.235352,-0.100586,-0.901855,18.37158,4.760742,23.01025,4.822229
-0.23584,-0.097656,-0.899902,16.17432,4.821777,21.78955,4.82534
-0.209473,-0.06543,-0.941895,10.31494,3.78418,18.43262,4.838658
-0.205566,-0.058594,-0.986816,9.277344,6.774902,16.72363,4.851939
-0.207031,-0.064941,-0.987305,9.643555,7.8125,15.86914,4.855041
-0.181152,-0.0625,-0.98877,9.338379,7.93457,15.13672,4.86833
-0.174805,-0.056641,-0.983887,8.850098,7.568359,15.25879,4.871438
-0.179688,-0.045898,-0.986328,7.8125,6.591797,16.78467,4.884765
-0.210449,-0.061035,-0.984375,5.79834,7.995605,16.78467,4.898105
-0.212891,-0.05957,-0.982422,4.882813,7.873535,16.72363,4.90122
-0.233398,-0.049805,-0.979004,3.234863,9.033203,14.09912,4.914513
-0.241699,-0.047363,-0.978516,2.563477,9.338379,13.42773,4.917613
-0.250977,-0.046387,-0.96875,-0.732422,10.0708,10.25391,4.930927
-0.246094,-0.046387,-0.986328,-4.638672,10.62012,7.446289,4.9443
-0.240234,-0.050293,-0.991211,-5.493164,10.68115,6.652832,4.94743
-0.213379,-0.052734,-1.000488,-8.300781,8.239746,6.164551,4.96078
-0.20752,-0.047852,-1.008789,-8.666992,7.69043,6.469727,4.963893
-0.181152,-0.046387,-1.026367,-8.117676,2.441406,7.324219,4.977224
-0.166992,-0.053711,-1.05957,-6.652832,0.610352,9.094238,4.990578
-0.16748,-0.056641,-1.069824,-6.164551,1.159668,9.521484,4.993693
-0.183594,-0.068359,-1.123047,-2.990723,9.033203,9.58252,5.007065
-0.19873,-0.070313,-1.136719,-1.953125,11.59668,9.155273,5.010188
-0.219238,-0.067383,-1.155762,4.455566,24.16992,6.774902,5.023515
-0.237305,-0.050293,-1.092773,11.16943,28.19824,4.516602,5.036856
-0.240234,-0.044922,-1.086426,12.51221,27.52686,3.967285,5.039956
-0.214844,-0.050781,-1.044434,14.83154,26.18408,2.380371,5.053245
-0.210938,-0.046875,-1.03418,14.52637,26.00098,2.197266,5.056354
-0.175781,-0.046875,-0.980469,10.49805,21.66748,4.577637,5.069681
-0.158691,-0.005859,-0.938477,6.164551,9.094238,10.37598,5.082961
-0.168457,0.005859,-0.9375,5.004883,5.859375,12.20703,5.086065
-0.212402,0.005859,-0.949219,0.671387,-2.807617,17.8833,5.099355
-0.224121,0.003418,-0.961426,-0.671387,-3.540039,18.37158,5.102472
-0.280273,-0.003906,-0.973633,-6.103516,-5.737305,18.00537,5.115784
-0.29541,-0.00293,-1.004395,-9.094238,-5.67627,15.19775,5.129152
-0.292969,-0.006348,-1.003418,-9.765625,-5.065918,14.4043,5.132286
-0.254395,-0.013184,-1.030273,-11.53564,-2.258301,11.16943,5.145624
-0.246094,-0.011719,-1.029297,-11.77979,-2.319336,11.16943,5.148753
-0.197754,-0.012207,-1.032227,-11.23047,-7.019043,10.86426,5.1621
-0.15918,-0.04248,-1.018066,-9.765625,-15.31982,13.73291,5.175472
-0.152344,-0.046875,-1.005859,-10.0708,-18.55469,14.70947,5.178613
-0.145996,-0.021484,-1.025879,-10.37598,-28.80859,20.1416,5.191908
-0.148926,-0.041504,-1.035645,-10.31494,-29.1748,20.93506,5.195043
-0.179199,-0.049805,-1.064941,-9.70459,-28.25928,25.6958,5.208359
-0.223145,-0.058594,-1.084473,-6.347656,-18.98193,26.24512,5.221682
-0.237305,-0.057129,-1.077637,-5.432129,-16.05225,26.12305,5.224815
-0.255859,-0.054199,-1.124512,-1.525879,2.075195,24.78027,5.238143
-0.268066,-0.05957,-1.116699,-0.427246,6.835938,24.53613,5.241259
-0.297363,-0.039063,-1.087891,3.356934,22.3999,18.55469,5.254562
-0.260742,-0.081543,-1.046387,3.356934,26.79443,13.30566,5.267896
-0.231934,-0.074219,-1.02002,3.601074,25.45166,13.00049,5.270996
-0.11084,-0.02832,-0.917969,0.732422,2.807617,18.49365,5.28427
-0.08252,-0.01416,-0.89502,-1.159668,-5.126953,20.75195,5.287377
-0.035645,-0.018555,-0.92334,-7.202148,-34.79004,33.08105,5.300706
-0.062012,-0.05127,-1.123047,-0.244141,-23.49854,42.17529,5.314062
-0.049805,-0.041016,-1.163086,3.78418,-16.90674,43.76221,5.317208
-0.211914,0.080078,-1.010254,8.300781,-20.75195,47.79053,5.33055
-0.222168,0.038086,-1.015625,7.995605,-26.24512,47.9126,5.333647
-0.295898,-0.062988,-1.119141,10.00977,-34.24072,39.0625,5.346989
-0.253418,-0.005859,-1.173828,19.22607,-2.868652,29.84619,5.360333
-0.281738,0.001953,-1.138672,19.77539,1.953125,28.01514,5.363464
-0.233398,0.004395,-1.056152,18.73779,7.93457,22.52197,5.376727
-0.205566,0.006348,-1.069336,18.98193,9.887695,21.11816,5.379807
-0.112305,0.040527,-1.013672,19.53125,12.20703,21.97266,5.393072
-0.097168,0.114746,-0.861816,12.51221,-14.83154,26.12305,5.406359
-0.071289,0.114746,-0.876465,10.25391,-21.11816,27.46582,5.409482
-0.100586,0.123047,-0.828613,-6.469727,-54.99268,32.89795,5.422752
-0.096191,0.108398,-0.84082,-8.850098,-59.57031,34.42383,5.425866
-0.134277,0.104492,-0.837891,-21.1792,-67.87109,39.42871,5.439219
-0.198242,0.088379,-0.861816,-34.79004,-68.17627,37.96387,5.45252
-0.209473,0.077148,-0.876953,-38.26904,-66.46729,37.10938,5.455617
-0.220215,0.074219,-0.948242,-50.96436,-53.52783,30.70068,5.468922
-0.217773,0.072266,-0.958496,-53.10059,-50.53711,29.29688,5.472041
-0.174805,0.067383,-1.058594,-57.86133,-38.08594,23.68164,5.485374
-0.084961,0.089355,-1.146973,-52.79541,-29.78516,21.42334,5.498713
-0.070313,0.087891,-1.167969,-50.72021,-27.58789,21.91162,5.501829
-0.034668,0.069824,-1.189941,-40.03906,-16.17432,23.74268,5.515141
-0.027344,0.071289,-1.177246,-37.35352,-14.83154,23.92578,5.518259
0.000488,0.072754,-1.099121,-30.09033,-9.216309,27.16064,5.531572
0.033203,0.077148,-1.030762,-28.19824,-9.277344,31.18896,5.544858
0.036133,0.079102,-1.00293,-29.1748,-9.94873,31.92139,5.547959
0.010254,0.052734,-0.975586,-38.20801,-17.21191,37.04834,5.561283
0.000488,0.045898,-0.981934,-41.25977,-19.83643,38.20801,5.564395
-0.018555,0.008301,-1.096191,-50.23193,-28.74756,39.61182,5.577736
0.093262,-0.003906,-1.263672,-43.94531,-28.68652,43.45703,5.591042
0.12207,0.012695,-1.28125,-39.61182,-27.83203,45.41016,5.594155
0.171387,0.024902,-1.310547,-17.7002,-24.16992,55.9082,5.607464
0.162109,0.020996,-1.299316,-12.20703,-23.37646,58.34961,5.610571
0.125488,-0.023438,-1.231934,6.469727,-19.34814,64.02588,5.623883
0.10498,-0.041992,-1.200684,21.05713,3.356934,69.51904,5.637173
0.089844,-0.048828,-1.162109,23.80371,10.74219,70.12939,5.640257
0.033203,-0.06543,-0.975098,26.85547,31.86035,69.58008,5.653571
0.009766,-0.04541,-0.922363,25.75684,32.89795,69.51904,5.656655
-0.07959,-0.047852,-0.887207,11.59668,35.09521,68.2373,5.669924
-0.20752,-0.082031,-0.915039,-4.02832,39.97803,60.2417,5.683245
-0.212891,-0.095215,-0.932617,-6.835938,39.67285,57.43408,5.686374
-0.11377,-0.083008,-1.044922,-9.643555,39.85596,46.56982,5.699725
-0.085449,-0.070313,-1.065918,-8.300781,39.55078,45.77637,5.702839
0.020508,-0.085449,-1.097656,1.708984,31.92139,46.63086,5.716159
0.098145,-0.125977,-1.116211,11.16943,25.14648,53.83301,5.729444
0.112305,-0.137695,-1.124023,12.93945,25.26855,55.96924,5.732536
0.103516,-0.144043,-1.118164,18.79883,28.74756,65.36865,5.74583
0.085449,-0.145508,-1.092773,20.01953,27.52686,67.13867,5.748911
0.021484,-0.172363,-1.10498,22.2168,22.70508,70.37354,5.762152
0.013672,-0.152344,-1.12793,24.10889,30.2124,70.12939,5.775487
0.006348,-0.141113,-1.125488,24.84131,31.61621,70.3125,5.778571
-0.05127,-0.162109,-1.105957,29.47998,38.94043,71.47217,5.791871
-0.078125,-0.174316,-1.105469,29.90723,42.41943,70.92285,5.794971
-0.174805,-0.254883,-1.059082,28.19824,58.1665,65.73486,5.808248
-0.181152,-0.274902,-1.004883,19.65332,63.90381,58.47168,5.821591
-0.17041,-0.271973,-0.991699,17.94434,62.74414,57.61719,5.82469
-0.06543,-0.254395,-1.02002,13.79395,48.52295,58.22754,5.837976
-0.039063,-0.246094,-1.025879,13.42773,43.45703,59.38721,5.841088
-0.028809,-0.200684,-1.057129,18.24951,22.94922,68.42041,5.854395
-0.141602,-0.19043,-1.082031,27.16064,16.11328,74.89014,5.867695
-0.20166,-0.18457,-1.080078,29.96826,16.78467,75.25635,5.870795
-0.417969,-0.191895,-1.040527,39.24561,33.02002,70.19043,5.884088
-0.459473,-0.206543,-1.014648,40.95459,39.85596,67.81006,5.887196
-0.554199,-0.237793,-0.849609,38.69629,63.78174,52.18506,5.90053
-0.491699,-0.228516,-0.692871,22.88818,71.10596,38.57422,5.913799
-0.446777,-0.21875,-0.656738,17.57813,68.66455,37.10938,5.916896
-0.292969,-0.217773,-0.620605,-10.00977,41.3208,37.23145,5.930193
-0.258789,-0.21875,-0.633789,-16.41846,32.95898,38.57422,5.933297
-0.185547,-0.229004,-0.800781,-37.17041,-0.183105,45.6543,5.946641
-0.179688,-0.249023,-1.022949,-41.25977,-17.76123,48.21777,5.959991
-0.183105,-0.24707,-1.05957,-39.48975,-20.08057,47.48535,5.963126
-0.17041,-0.251465,-1.20166,-25.87891,-16.90674,42.60254,5.9765
-0.166992,-0.25,-1.218262,-21.1792,-13.24463,41.07666,5.97963
-0.112793,-0.246582,-1.208984,-1.89209,7.080078,33.99658,5.992966
-0.055664,-0.214844,-1.092773,11.53564,18.79883,30.2124,6.00627
-0.047363,-0.206543,-1.046875,13.00049,18.79883,29.66309,6.009381
-0.046387,-0.177246,-0.939453,12.93945,10.98633,29.66309,6.022665
-0.055664,-0.174316,-0.914063,11.90186,8.422852,29.60205,6.025764
-0.13916,-0.180176,-0.867676,5.371094,-4.760742,28.25928,6.039097
-0.21582,-0.212402,-0.890625,-2.990723,-6.652832,22.03369,6.052486
-0.226074,-0.21875,-0.898438,-5.126953,-5.249023,20.26367,6.055615
-0.240234,-0.224609,-0.910645,-14.22119,-1.586914,11.65771,6.068958
-0.230957,-0.21875,-0.910156,-16.41846,-1.647949,10.25391,6.0721
-0.186035,-0.20459,-0.944336,-23.92578,-5.004883,5.126953,6.085432
-0.145996,-0.17041,-0.980469,-27.28271,-17.02881,3.967285,6.09875
-0.13623,-0.164551,-1.000488,-27.22168,-20.50781,4.150391,6.101883
-0.146484,-0.176758,-1.07373,-25.08545,-29.54102,3.479004,6.115245
-0.148438,-0.183594,-1.088379,-24.16992,-31.43311,3.479004,6.118391
-0.140137,-0.206543,-1.146484,-17.45605,-32.4707,2.502441,6.131784
-0.168457,-0.211426,-1.164063,-9.70459,-23.80371,1.525879,6.145126
-0.178711,-0.208496,-1.152832,-7.93457,-22.64404,0.732422,6.148259
-0.184082,-0.196289,-1.121582,-2.746582,-20.56885,-2.01416,6.16163
-0.177246,-0.191406,-1.111328,-2.197266,-19.65332,-2.319336,6.16478
-0.152832,-0.173828,-1.084473,0.732422,-16.54053,-2.929688,6.178149
-0.178223,-0.15625,-1.066895,1.464844,-12.20703,-2.685547,6.191486
-0.188477,-0.150391,-1.063477,1.647949,-10.92529,-3.051758,6.194615
-0.219727,-0.144043,-1.040527,1.647949,-5.92041,-6.04248,6.207968
-0.219238,-0.145508,-1.042969,1.037598,-4.516602,-7.080078,6.211105
-0.195801,-0.141602,-1.019531,-0.732422,0.671387,-9.460449,6.224491
-0.168945,-0.142578,-0.992188,-3.78418,-2.258301,-9.460449,6.237826
-0.166992,-0.13623,-0.989258,-4.272461,-3.540039,-9.216309,6.240975
-0.148926,-0.128418,-1.01416,-5.493164,-7.507324,-6.774902,6.254388
-0.149902,-0.131836,-1.032715,-5.249023,-7.873535,-6.225586,6.257545
-0.158691,-0.125977,-1.047363,-3.967285,-7.202148,-4.333496,6.270929
-0.164551,-0.122559,-1.065918,-1.037598,-6.225586,-3.845215,6.284254
-0.166992,-0.12207,-1.070801,0.12207,-4.882813,-4.089355,6.287409
-0.164063,-0.102539,-1.063477,3.90625,2.075195,-3.967285,6.300725
-0.177246,-0.104004,-1.016113,5.126953,4.943848,-4.943848,6.314041
-0.182129,-0.100586,-1.001953,5.004883,4.699707,-5.371094,6.317155
-0.165527,-0.095215,-0.983398,2.929688,2.563477,-5.126953,6.330464
-0.163086,-0.089355,-0.984375,2.868652,2.075195,-4.699707,6.333589
-0.157227,-0.090332,-0.989258,0.488281,0.854492,-3.417969,6.34688
-0.171387,-0.083008,-1.010254,-0.854492,1.220703,-3.417969,6.36019
-0.169434,-0.083984,-1.008789,-0.854492,1.220703,-3.601074,6.36333
-0.155762,-0.082031,-1.021973,-0.183105,1.464844,-3.479004,6.376691
-0.151855,-0.077637,-1.023926,0.061035,1.525879,-3.112793,6.379821
-0.148926,-0.084473,-1.026855,0.732422,3.234863,-1.647949,6.39312
-0.175293,-0.094238,-1.005371,-0.305176,4.638672,-0.854492,6.406429
-0.181641,-0.092285,-1.001465,-1.159668,4.455566,-0.549316,6.409571
-0.187988,-0.095703,-1.022461,-3.662109,6.286621,-0.549316,6.422935
-0.192383,-0.089844,-1.01123,-3.90625,6.896973,-0.610352,6.426072
-0.191406,-0.098145,-1.022461,-6.04248,6.774902,-1.403809,6.439395
-0.165527,-0.099609,-1.022461,-6.347656,4.394531,-0.488281,6.452767
-0.161621,-0.100586,-1.036621,-6.164551,3.417969,0.0,6.455901
-0.166016,-0.105957,-1.058105,-4.760742,2.380371,1.525879,6.469183
-0.179199,-0.11084,-1.063965,-4.394531,2.502441,1.586914,6.472292
-0.200195,-0.121094,-1.055176,-2.807617,4.821777,1.159668,6.485613
-0.197266,-0.121094,-1.050781,-2.258301,8.911133,0.305176,6.498913
-0.192383,-0.121582,-1.043457,-1.89209,9.765625,0.12207,6.502032
-0.17627,-0.112793,-1.012207,-2.624512,9.155273,0.0,6.51533
-0.169922,-0.112793,-1.009766,-3.051758,8.239746,0.183105,6.518435
-0.14502,-0.105957,-1.010254,-3.356934,4.089355,1.586914,6.531756
-0.147949,-0.10498,-1.00293,-3.295898,-0.549316,2.502441,6.545042
-0.15332,-0.108887,-1.01416,-3.234863,-1.281738,2.502441,6.54818
-0.164551,-0.130859,-1.035645,-3.967285,0.183105,1.708984,6.561532
-0.169434,-0.137207,-1.03125,-4.089355,0.732422,1.281738,6.564647
-0.171875,-0.132813,-1.024902,-3.90625,2.746582,-0.305176,6.577969
-0.162598,-0.140625,-1.02832,-3.967285,1.708984,-1.342773,6.591325
-0.160645,-0.140137,-1.016602,-3.967285,0.976563,-1.525879,6.594486
-0.150879,-0.141602,-1.021973,-4.02832,-2.13623,-1.342773,6.607825
-0.145996,-0.140625,-1.025391,-3.967285,-2.685547,-1.403809,6.610976
-0.156738,-0.118652,-1.03125,-1.953125,-3.051758,-0.610352,6.624374
-0.179688,-0.108887,-1.01123,-0.610352,-3.173828,-1.77002,6.637746
-0.179688,-0.110352,-1.009277,-0.427246,-3.112793,-2.075195,6.640892
-0.179688,-0.099121,-0.978516,-0.732422,-3.723145,-2.746582,6.65428
-0.180664,-0.102051,-0.975586,-1.403809,-4.577637,-2.563477,6.657441
-0.169922,-0.118652,-0.971191,-3.845215,-8.544922,-2.624512,6.670835
-0.172852,-0.129395,-1.000488,-6.469727,-8.178711,-2.624512,6.68422
-0.173828,-0.131836,-0.999512,-7.263184,-7.8125,-2.868652,6.687388
-0.168945,-0.123535,-1.015625,-8.972168,-6.652832,-4.577637,6.70078
-0.155273,-0.115234,-1.044434,-8.789063,-4.394531,-5.004883,6.714138
-0.155762,-0.114746,-1.041992,-8.361816,-3.78418,-5.065918,6.717294
-0.157715,-0.111328,-1.058594,-6.164551,-2.441406,-4.943848,6.730627
-0.155762,-0.112793,-1.05957,-5.126953,-2.075195,-4.760742,6.733778
-0.169922,-0.123047,-1.060547,-2.197266,0.610352,-4.150391,6.747105
-0.191406,-0.108398,-1.040039,0.427246,0.427246,-3.356934,6.760431
-0.195801,-0.11084,-1.040039,0.915527,-0.12207,-2.929688,6.76354
-0.220215,-0.116211,-1.021484,4.150391,-1.037598,-2.197266,6.776885
-0.218262,-0.107422,-1.01416,4.455566,-0.488281,-2.075195,6.780014
-0.232422,-0.124023,-0.997559,4.516602,1.647949,-1.647949,6.793325
-0.232422,-0.125,-0.987793,1.037598,4.272461,-2.197266,6.806687
-0.230957,-0.120605,-0.972168,0.488281,4.150391,-2.380371,6.809803
-0.197266,-0.111816,-0.977539,-2.380371,0.915527,-2.197266,6.823131
-0.185059,-0.111328,-0.987305,-2.624512,0.610352,-2.258301,6.826244
-0.168457,-0.10498,-1.024414,-2.868652,0.610352,-1.159668,6.839581
-0.182129,-0.103027,-1.03125,-1.464844,1.159668,-0.671387,6.852952
-0.188965,-0.099609,-1.03125,-0.549316,1.342773,-1.098633,6.856094
-0.193848,-0.101563,-1.019043,1.77002,3.662109,-1.403809,6.8694
-0.187012,-0.100098,-1.012207,2.13623,3.601074,-1.831055,6.872532
-0.179688,-0.09668,-0.991699,1.953125,4.394531,-1.647949,6.88585
-0.15625,-0.101074,-0.964844,0.0,2.13623,-2.01416,6.899137
-0.150391,-0.094727,-0.958496,-1.037598,1.342773,-1.953125,6.902236
-0.116211,-0.081543,-0.965332,-4.150391,-2.258301,-1.342773,6.915621
-0.109375,-0.078613,-0.963867,-4.455566,-3.234863,-1.220703,6.91877
-0.086914,-0.070313,-0.95166,-5.92041,-10.25391,0.244141,6.932158
-0.116211,-0.077148,-0.945801,-9.277344,-13.00049,1.159668,6.945511
-0.122559,-0.080566,-0.948242,-9.765625,-13.48877,1.037598,6.948645
-0.110352,-0.086914,-0.90332,-13.18359,-20.1416,-1.037598,6.961947
-0.091797,-0.080078,-0.885742,-14.4043,-23.68164,-1.342773,6.965105
-0.061035,-0.07373,-0.970215,-20.69092,-26.24512,0.671387,6.978499
-0.166992,-0.140625,-1.068848,-20.50781,-12.51221,-0.793457,6.991839
-0.180176,-0.147461,-1.088867,-19.71436,-9.521484,-1.953125,6.994988
-0.179688,-0.143555,-1.263184,-11.04736,12.08496,-5.371094,7.008396
-0.134766,-0.163574,-1.36377,-7.507324,16.23535,-5.737305,7.011539
-0.089355,-0.162598,-1.328125,25.20752,8.300781,-0.183105,7.024839
-0.129395,-0.155762,-1.273926,43.09082,-0.305176,-1.098633,7.038209
-0.127441,-0.15918,-1.225098,44.6167,-2.929688,-1.098633,7.041354
-0.166504,-0.154785,-1.0625,43.21289,-7.141113,1.281738,7.054664
-0.185059,-0.161621,-1.032227,41.68701,-5.79834,1.037598,7.05778
-0.217773,-0.11084,-0.93457,28.07617,-0.061035,-0.732422,7.0711
-0.223633,-0.07373,-0.933594,13.3667,-1.831055,-2.807617,7.084488
-0.223633,-0.067871,-0.933105,10.62012,-2.197266,-2.990723,7.087621
-0.244629,-0.07373,-0.989258,3.295898,0.488281,-5.065918,7.100972
-0.212402,-0.053223,-0.990723,2.075195,-0.549316,-5.187988,7.104097
-0.135742,-0.027344,-1.074707,3.662109,-1.831055,-1.708984,7.117416
-0.150391,-0.044922,-1.101563,10.86426,-3.234863,1.342773,7.130727
-0.161621,-0.057129,-1.087891,12.26807,-4.394531,1.77002,7.13384
-0.156738,-0.055664,-1.075195,15.13672,-8.056641,2.868652,7.147177
-0.148926,-0.064453,-1.062988,14.83154,-8.239746,2.929688,7.150294
-0.161621,-0.07373,-1.005859,15.56396,-11.35254,3.173828,7.163627
-0.162109,-0.072754,-0.996582,11.59668,-10.68115,1.525879,7.176993
-0.160645,-0.066406,-0.987305,10.55908,-9.765625,1.281738,7.18012
-0.147461,-0.048828,-0.983887,6.103516,-9.277344,0.427246,7.193449
-0.139648,-0.050293,-0.97998,5.432129,-10.13184,0.366211,7.196571
-0.126465,-0.05127,-0.973633,3.234863,-12.3291,0.549316,7.209891
-0.127441,-0.050781,-0.977539,1.281738,-14.16016,1.037598,7.223244
-0.129395,-0.056152,-0.987793,0.854492,-14.64844,1.037598,7.226374
-0.12793,-0.049805,-0.985352,-0.793457,-17.8833,1.220703,7.239715
-0.128418,-0.048828,-0.990723,-0.854492,-19.04297,1.342773,7.242847
-0.119141,-0.041016,-0.998047,0.549316,-21.54541,1.098633,7.256221
-0.095703,-0.041504,-1.050293,3.78418,-20.20264,0.854492,7.269542
-0.087891,-0.043945,-1.060547,5.004883,-19.104,1.159668,7.272658
-0.106445,-0.034668,-1.009766,9.277344,-14.22119,2.01416,7.285978
-0.107422,-0.053711,-1.006836,9.643555,-14.52637,1.77002,7.289105
-0.109863,-0.043945,-1.004883,9.521484,-12.93945,0.488281,7.302441
-0.108398,-0.035156,-1.019043,9.033203,-10.86426,0.0,7.315794
-0.109375,-0.037598,-1.019043,9.460449,-10.74219,0.061035,7.318891
-0.091309,-0.019531,-1.04834,11.35254,-12.75635,0.793457,7.332192
-0.088867,-0.015625,-1.060059,12.02393,-13.48877,1.525879,7.335297
-0.067383,-0.009277,-1.072754,18.67676,-24.6582,10.00977,7.348627
-0.075684,-0.062988,-1.095215,24.35303,-23.92578,7.995605,7.361942
-0.066895,-0.053711,-1.074707,25.39063,-24.78027,7.751465,7.365064
-0.074219,-0.063477,-1.04834,26.48926,-28.93066,8.911133,7.378374
-0.077148,-0.067383,-1.036621,26.18408,-29.11377,9.521484,7.381507
-0.085938,-0.053223,-1.049316,22.3999,-26.12305,9.521484,7.394804
-0.071289,0.02002,-1.0625,16.90674,-20.62988,10.86426,7.40814
-0.078125,0.041992,-1.074219,16.47949,-17.8833,10.80322,7.411245
-0.09082,0.032715,-1.044434,7.080078,-17.94434,14.70947,7.424542
-0.079102,-0.000488,-1.054199,4.882813,-17.94434,16.96777,7.427626
-0.048828,-0.064453,-1.114746,3.601074,-8.911133,12.81738,7.440946
-0.04541,-0.021973,-1.075684,9.399414,-0.854492,7.141113,7.454248
-0.05957,-0.035156,-1.059082,10.00977,-1.159668,7.019043,7.457374
-0.059082,-0.008301,-1.043945,10.74219,-0.854492,6.835938,7.470728
-0.051758,0.032715,-1.092285,13.48877,5.187988,6.713867,7.473841
-0.094727,-0.00293,-1.004883,10.25391,2.01416,5.615234,7.487146
-0.066406,0.080566,-0.980957,2.258301,-2.13623,6.225586,7.500447
-0.080566,0.104492,-0.998535,0.427246,-3.540039,6.774902,7.50354
-0.070313,0.109375,-1.013184,-1.953125,-1.220703,10.74219,7.516832
-0.088379,0.131348,-1.010254,-2.502441,-1.586914,12.87842,7.519945
-0.100098,0.074707,-1.058594,-4.699707,2.258301,14.52637,7.533293
-0.122559,0.0,-1.015625,-8.605957,2.258301,7.629395,7.546571
-0.121582,0.008301,-1.0,-9.82666,1.342773,6.164551,7.549649
-0.067383,0.043457,-1.03125,-15.625,3.540039,3.90625,7.562903
-0.059082,0.036133,-1.041016,-15.93018,7.385254,3.356934,7.565998
-0.069824,0.001465,-1.019531,-16.6626,16.90674,2.319336,7.57928
-0.077148,-0.002441,-1.026367,-16.47949,17.15088,2.13623,7.582392
-0.067383,-0.038086,-1.054688,-14.95361,13.42773,1.647949,7.595734
-0.053223,-0.069336,-1.060547,-10.00977,10.0708,3.662109,7.609097
-0.047852,-0.076172,-1.061035,-8.056641,8.911133,4.394531,7.61222
-0.050293,-0.080078,-1.096191,1.831055,10.37598,6.774902,7.625571
-0.059082,-0.074219,-1.083984,3.417969,10.13184,7.873535,7.628672
-0.083984,-0.04248,-1.051758,5.126953,3.173828,10.25391,7.641978
-0.101074,-0.012207,-1.031738,-0.854492,-2.807617,11.77979,7.65528
-0.105957,-0.004395,-1.025879,-2.563477,-3.051758,11.71875,7.658429
-0.103027,0.007813,-1.049805,-10.0708,0.549316,10.49805,7.671777
-0.104004,0.009277,-1.056641,-11.41357,2.502441,9.82666,7.674876
-0.123047,-0.001465,-1.043945,-16.41846,4.394531,7.93457,7.688211
-0.103516,-0.019043,-1.058105,-18.49365,1.464844,7.080078,7.70156
-0.100098,-0.023926,-1.056641,-17.8833,1.220703,7.080078,7.704675
-0.084473,-0.039063,-1.055664,-14.4043,-2.197266,7.8125,7.718033
-0.073242,-0.041504,-1.041504,-13.06152,-3.051758,7.873535,7.721174
-0.072754,-0.024902,-1.006836,-6.347656,-6.591797,9.521484,7.734513
-0.080078,-0.008789,-0.992188,-3.723145,-8.483887,10.31494,7.747877
-0.081543,-0.010254,-0.998047,-3.417969,-7.995605,10.0708,7.751009
-0.094727,0.025879,-1.009766,-3.112793,-2.685547,10.00977,7.764325
-0.095215,0.03125,-1.013672,-2.929688,-0.732422,10.0708,7.767461
-0.132324,0.032715,-1.003906,-0.854492,2.685547,7.385254,7.78082
-0.144531,0.030273,-1.000977,-2.319336,1.77002,3.356934,7.794127
-0.136719,0.033203,-1.0,-3.234863,1.403809,2.624512,7.797216
-0.091797,0.022461,-1.012207,-8.056641,0.915527,3.356934,7.810543
-0.091309,0.014648,-1.012207,-9.460449,1.281738,4.089355,7.813644
-0.082031,0.000488,-1.022461,-11.96289,1.342773,6.713867,7.82693
-0.085449,0.006836,-1.033203,-13.18359,1.464844,6.652832,7.840286
-0.09668,-0.001465,-1.032227,-13.5498,1.098633,6.469727,7.843395
-0.098633,-0.009277,-1.041504,-14.16016,-1.953125,6.835938,7.856766
-0.090332,-0.009277,-1.043457,-13.79395,-2.258301,7.385254,7.859896
-0.081543,-0.016113,-1.053711,-11.2915,-1.89209,8.544922,7.873226
-0.089355,-0.044922,-1.052734,-9.338379,-2.624512,8.605957,7.886543
-0.078613,-0.04541,-1.053711,-8.911133,-3.356934,9.216309,7.889675
-0.061523,-0.049316,-1.062012,-8.300781,-4.150391,10.49805,7.902976
-0.060547,-0.046875,-1.066406,-8.239746,-3.234863,10.80322,7.906113
-0.0625,-0.02832,-1.061035,-6.04248,-0.854492,11.77979,7.919449
-0.084473,-0.003418,-1.07666,-1.77002,2.807617,10.0708,7.932764
-0.08252,-0.003906,-1.074707,-0.854492,3.234863,9.338379,7.935877
-0.088379,-0.027344,-1.043945,1.647949,-0.366211,5.615234,7.949221
-0.08252,-0.02832,-1.042969,1.77002,-1.831055,5.187988,7.95233
-0.042969,-0.04541,-1.016113,1.647949,-6.469727,6.347656,7.965664
-0.040039,-0.067871,-1.003906,2.563477,-8.300781,9.70459,7.979011
-0.040527,-0.064941,-1.001953,2.502441,-7.873535,9.643555,7.982131
-0.055176,-0.055664,-1.018555,2.624512,-5.371094,8.361816,7.995512
-0.061035,-0.049805,-1.017578,2.380371,-4.882813,7.93457,7.99863
-0.064941,-0.037598,-1.02832,2.502441,-3.662109,6.896973,8.011938
-0.057617,-0.037109,-1.039063,6.591797,-0.366211,6.225586,8.025293
-0.055664,-0.032715,-1.041016,8.544922,0.183105,6.103516,8.028418
-0.069824,-0.032715,-1.040527,14.22119,-1.403809,4.089355,8.041773
-0.065918,-0.035156,-1.032715,14.4043,-3.234863,3.417969,8.044891
-0.052734,-0.031738,-1.020996,13.61084,-8.178711,3.723145,8.058218
-0.055176,-0.008789,-1.020508,10.55908,-6.774902,6.164551,8.07155
-0.056641,0.000488,-1.014648,9.399414,-6.835938,6.469727,8.074664
-0.072266,0.010254,-1.025879,5.065918,-8.117676,5.92041,8.087946
-0.07373,0.012207,-1.02832,4.02832,-8.361816,5.615234,8.091049
-0.080566,0.02002,-1.029785,-0.793457,-10.68115,5.187988,8.104388
-0.07373,0.006348,-1.038574,-3.051758,-10.55908,5.79834,8.117751
-0.071777,0.008789,-1.048828,-3.051758,-10.49805,5.737305,8.120866
-0.074219,-0.001953,-1.049805,-2.01416,-8.361816,5.004883,8.134216
-0.072266,-0.012207,-1.049316,-1.586914,-7.8125,4.455566,8.137355
-0.063965,-0.016113,-1.04541,-0.488281,-7.568359,3.601074,8.150696
-0.055176,-0.008789,-1.038574,-1.281738,-6.958008,4.333496,8.164051
-0.053711,-0.010742,-1.041016,-1.220703,-6.896973,4.394531,8.167189
-0.044922,-0.016602,-1.04834,-3.78418,-4.089355,3.967285,8.180571
-0.047852,-0.019531,-1.057617,-3.90625,-3.723145,3.845215,8.183701
-0.049805,-0.011719,-1.060547,-4.455566,0.305176,4.638672,8.197088
-0.071777,-0.002441,-1.062988,-2.990723,2.868652,5.249023,8.210433
-0.077637,-0.005371,-1.068848,-2.990723,2.685547,5.187988,8.21356
-0.09082,-0.005371,-1.052734,-2.868652,-0.305176,3.601074,8.226854
-0.090332,-0.007813,-1.052246,-2.624512,-0.793457,2.868652,8.229986
-0.070801,-0.016113,-1.045898,-2.868652,-0.488281,0.793457,8.243354
-0.04834,-0.030273,-1.03418,-3.78418,-1.159668,2.258301,8.25667
-0.046387,-0.035645,-1.042969,-3.723145,-1.159668,2.990723,8.259801
-0.051758,-0.042969,-1.040039,-2.746582,-0.061035,4.02832,8.273132
-0.057617,-0.035156,-1.039551,-2.380371,-0.305176,4.211426,8.276249
-0.060547,-0.018555,-1.047852,-2.197266,-0.244141,4.394531,8.289582
-0.060059,-0.004883,-1.038086,-1.647949,0.366211,5.065918,8.302951
