t,ax,ay,az,wx,wy,wz,dt,vx,vy,vz,x,y,z
0.002,-2.191144,-2.517166,5.100793,9548,14884,-5324,0.0,-0.0,-0.0,0.0,-0.0,-0.0,0.0
0.034,-2.278562,-0.597258,5.655839,5132,6476,-13632,0.032,-0.072913984,-0.019112255999999998,0.180986848,-0.002333247488,-0.000611592192,0.005791579136
0.126,-0.73108,-5.636379,1.973197,7400,3380,-9772,0.092,-0.14017334399999998,-0.5376591239999999,0.362520972,-0.015229195135999997,-0.05007623159999999,0.03914350856
0.217,2.991978,-5.729187,1.295406,11040,6228,-15132,0.091,0.13209665400000004,-1.0590151409999997,0.480402918,-0.003208399621999994,-0.14644660943099996,0.082860174098
0.309,1.047222,-0.7215,0.287103,10296,8776,-18032,0.092,0.22844107800000005,-1.1253931409999998,0.506816394,0.01780817955400001,-0.24998277840299993,0.12948728234600002
0.4,-2.609075,3.338358,0.048499,8196,8040,-16996,0.09100000000000003,-0.008984747000000015,-0.8216025629999997,0.511229803,0.01699056757700001,-0.32474861163599994,0.17600919441900004
0.49,-3.72186,3.673062,-1.831591,6792,6720,-13920,0.08999999999999997,-0.3439521469999999,-0.4910269829999998,0.34638661300000007,-0.013965125652999968,-0.36894104010599993,0.20718398958900003
0.58,-1.678909,1.946552,-1.92859,7708,8228,-10020,0.08999999999999997,-0.4950539569999998,-0.3158373029999999,0.1728135130000001,-0.058519981782999934,-0.39736639737599994,0.22273720575900002
0.67,-0.163759,1.223556,-1.407074,7636,11832,-7780,0.09000000000000008,-0.5097922669999998,-0.20571726299999982,0.04617685300000002,-0.10440128581299996,-0.4158809510459999,0.22689312252900004
0.762,0.56732,0.526605,-0.941842,7124,13572,-8960,0.09199999999999997,-0.4575988269999998,-0.15726960299999984,-0.04047261099999995,-0.14650037789699993,-0.4303497545219999,0.22316964231700004
0.852,0.011975,-0.627795,-0.676593,7476,13972,-9292,0.08999999999999997,-0.45652107699999983,-0.21377115299999983,-0.10136598099999994,-0.1875872748269999,-0.4495891582919999,0.21404670402700005
0.945,-1.828598,-0.270937,-0.531096,7456,12100,-9536,0.09299999999999997,-0.6265806909999998,-0.2389682939999998,-0.1507579089999999,-0.24585927908999988,-0.47181320963399986,0.20002621849000005
1.039,-0.344883,0.650547,0.300276,6792,10484,-7268,0.09399999999999997,-0.6589996929999998,-0.17781687599999982,-0.12253196499999992,-0.30780525023199984,-0.48852799597799984,0.18850821378000004
1.13,1.193318,-1.310076,-0.402363,6932,11468,-9988,0.09099999999999997,-0.5504077549999998,-0.2970337919999998,-0.15914699799999993,-0.3578923559369998,-0.5155580710499998,0.17402583696200005
1.222,0.141606,-0.757724,0.088616,7880,13792,-11280,0.09200000000000008,-0.5373800029999998,-0.36674439999999986,-0.15099432599999993,-0.40733131621299984,-0.5492985558499999,0.16013435897000006
1.314,-1.815125,-0.386796,0.123643,7796,12056,-11128,0.09200000000000008,-0.704371503,-0.4023296319999999,-0.13961916999999993,-0.4721334944889999,-0.5863128819939999,0.14728939533000004
1.407,-0.970582,1.045426,-0.188009,7348,10824,-8696,0.09299999999999997,-0.794635629,-0.3051050139999999,-0.15710400699999993,-0.5460346079859999,-0.6146876482959999,0.13267872267900005
1.5,1.040636,0.683179,-0.628992,7008,12696,-8104,0.09299999999999997,-0.697856481,-0.24156936699999992,-0.2156002629999999,-0.6109352607189998,-0.6371535994269999,0.11262789822000006
1.589,0.289199,-0.200284,-0.538879,6940,14000,-10216,0.08899999999999997,-0.67211777,-0.2593946429999999,-0.26356049399999987,-0.6707537422489999,-0.6602397226539999,0.08917101425400009
1.684,-1.257685,0.002694,0.031435,6820,13024,-8776,0.09499999999999997,-0.7915978449999999,-0.2591387129999999,-0.26057416899999986,-0.7459555375239998,-0.6848579003889999,0.06441646819900011
1.775,-4.629872,-3.501519,-8.974438,8836,8880,-9036,0.09099999999999997,-1.2129161969999998,-0.5777769419999998,-1.0772480269999996,-0.8563309114509997,-0.7374356021109998,-0.03361310225799981
1.867,1.774111,5.862709,3.215314,5768,12696,-9512,0.09200000000000008,-1.0496979849999997,-0.03840771399999943,-0.7814391389999993,-0.9529031260709998,-0.7409691117989997,-0.1055055030459998
1.958,-0.636776,-2.426454,-1.985172,8236,7172,-9084,0.09099999999999997,-1.1076446009999996,-0.2592150279999994,-0.9620897909999993,-1.0536987847619996,-0.7645576793469997,-0.1930556740269997
2.05,-1.816622,-1.322051,-3.479365,7296,15416,-7764,0.09199999999999986,-1.2747738249999994,-0.3808437199999992,-1.2821913709999988,-1.1709779766619994,-0.7995953015869995,-0.31101728015899943
2.143,-0.189207,-0.003892,-0.184716,1728,13164,-14612,0.09299999999999997,-1.2923700759999994,-0.3812056759999992,-1.2993699589999987,-1.2911683937299994,-0.8350474294549994,-0.4318586863459993
2.238,-0.98585,3.92424,2.868934,2748,11908,-6064,0.0950000000000002,-1.3860258259999996,-0.00840287599999845,-1.026821228999998,-1.4228408471999996,-0.8358457026749992,-0.5294067031009992
2.327,-1.397793,2.491719,1.302891,6336,14580,-7896,0.08899999999999997,-1.5104294029999996,0.21336011500000146,-0.9108639299999981,-1.5572690640669995,-0.8168566524399992,-0.610473592870999
2.419,0.02395,-0.050894,-0.195194,6660,13376,-5556,0.09200000000000008,-1.5082260029999996,0.20867786700000146,-0.9288217779999981,-1.6960258563429995,-0.797658288675999,-0.6959251964469989
2.51,0.224533,-0.716111,0.119152,6760,14056,-7024,0.09099999999999975,-1.4877934999999998,0.14351176600000165,-0.9179789459999981,-1.8314150648429992,-0.7845987179699988,-0.7794612805329985
2.6,-1.037343,0.989442,0.651745,8196,15880,-8396,0.0900000000000003,-1.5811543700000001,0.23256154600000195,-0.8593218959999979,-1.9737189581429997,-0.7636681788299986,-0.8568002511729985
2.69,-2.131567,2.434837,0.879272,7936,13664,-5484,0.08999999999999986,-1.7729953999999999,0.45169687600000163,-0.780187415999998,-2.1332885441429994,-0.7230154599899985,-0.9270171186129982
2.78,-0.838856,-0.465532,-1.032852,6484,13816,-3468,0.08999999999999986,-1.8484924399999998,0.4097989960000017,-0.8731440959999979,-2.299652863742999,-0.6861335503499985,-1.0056000872529978
2.872,-1.359174,0.12035,-0.385598,8456,15816,-3592,0.09200000000000008,-1.973536448,0.4208711960000017,-0.9086191119999979,-2.481218216958999,-0.6474134003179982,-1.0891930455569976
2.965,-0.427511,0.895737,0.048499,8256,13928,-3084,0.09299999999999997,-2.013294971,0.5041747370000017,-0.9041087049999978,-2.668454649261999,-0.6005251497769981,-1.1732751551219973
3.056,2.324067,1.214275,0.301174,8292,14804,-2936,0.09100000000000019,-1.8018048739999997,0.6146737620000019,-0.8767018709999977,-2.8324188927959995,-0.5445898374349978,-1.2530550253829973
3.147,0.250579,-0.289199,-2.537823,7464,13440,-3664,0.09099999999999975,-1.7790021849999997,0.588356653000002,-1.107643763999997,-2.994308091630999,-0.49104938201199777,-1.3538506079069967
3.239,1.485511,1.182541,-0.136816,6864,17804,-3740,0.09200000000000008,-1.6423351729999995,0.697150425000002,-1.120230835999997,-3.145402927546999,-0.4269115429119975,-1.4569118448189966
3.33,1.040337,-1.734593,-1.568439,7996,16912,-6176,0.09100000000000019,-1.5476645059999994,0.5393024620000016,-1.2629587849999973,-3.2862403975929992,-0.37783501886999726,-1.5718410942539967
3.422,-1.43312,0.488883,-0.773591,5120,10300,-4712,0.09200000000000008,-1.6795115459999994,0.5842796980000017,-1.3341291569999973,-3.440755459824999,-0.32408128665399705,-1.6945809766979965
3.514,-0.246388,0.804727,0.315544,7640,16548,-5612,0.09199999999999964,-1.7021792419999993,0.6583145820000014,-1.3050991089999975,-3.5973559500889984,-0.26351634510999716,-1.8146500947259958
3.605,-0.021555,0.519121,0.007784,6672,13328,-4884,0.09100000000000019,-1.7041407469999992,0.7055545930000015,-1.3043907649999975,-3.7524327580659986,-0.1993108771469969,-1.9333496543409958
3.697,0.63977,1.13015,0.543969,7448,15000,-5444,0.09200000000000008,-1.645281906999999,0.8095283930000016,-1.2543456169999974,-3.903798693509999,-0.1248342649909967,-2.0487494511049955
3.785,0.417632,0.459245,-0.55804,7896,13172,-5388,0.08800000000000008,-1.608530290999999,0.8499419530000016,-1.3034531369999973,-4.045349359117999,-0.050039373126996495,-2.1634533271609953
3.876,-0.467328,-0.068258,-1.730102,7612,13344,-5040,0.09099999999999975,-1.6510571389999988,0.8437304750000016,-1.4608924189999968,-4.195595558766999,0.02674010009800344,-2.2963945372899945
3.969,0.33171,-0.181123,-2.326761,5832,11208,-3932,0.09299999999999997,-1.620208108999999,0.8268860360000017,-1.6772811919999966,-4.346274912903999,0.10364050144600358,-2.4523816881459943
4.06,-0.593067,0.981359,-2.701283,5084,12268,-3068,0.09099999999999975,-1.6741772059999986,0.9161897050000014,-1.9230979449999959,-4.498625038649998,0.18701376460100347,-2.6273836011409935
4.152,2.084266,4.127517,0.917293,4300,21716,-10980,0.09200000000000053,-1.4824247339999976,1.2959212690000035,-1.8387069889999954,-4.635008114177999,0.3062385213490045,-2.796544644128994
4.244,-9.81,9.809701,8.048763,1868,32767,-32768,0.09199999999999964,-2.384944733999994,2.198413761,-1.0982207929999985,-4.854423029705997,0.5084925873610037,-2.8975809570849935
4.332,-9.81,9.809701,9.32441,-31548,-32768,9080,0.08800000000000008,-3.248224733999995,3.0616674490000007,-0.27767271299999774,-5.140266806297997,0.7779193228730039,-2.9220161558289934
4.421,-0.215252,-0.078736,-0.400866,-864,6392,15364,0.08900000000000041,-3.267382161999995,3.0546599450000005,-0.3133497869999979,-5.431063818715998,1.0497840579780053,-2.9499042868719934
4.513,8.215816,-4.343967,-1.680406,-512,5228,13196,0.09199999999999964,-2.511527089999998,2.655014981000002,-0.4679471389999973,-5.662124310995997,1.2940454362300047,-2.992955423659993
4.605,-2.83271,1.845063,0.873883,632,1164,15384,0.09200000000000053,-2.77213641,2.824760777000003,-0.3875499029999968,-5.917160860715999,1.5539234277140064,-3.028610014735993
4.693,-0.855022,-0.499661,-0.529299,1880,2164,15308,0.08799999999999919,-2.8473783459999993,2.7807906090000034,-0.4341282149999964,-6.167730155163997,1.7986330013060043,-3.066813297655992
4.785,-0.208367,-0.753533,-0.532293,748,-2716,16424,0.09200000000000053,-2.866548109999999,2.711465573000003,-0.48309917099999666,-6.431452581283998,2.048087834022006,-3.111258421387992
4.879,-1.786984,0.473316,-0.241298,1880,3788,15456,0.09399999999999942,-3.034524605999998,2.755957277000003,-0.5057811829999965,-6.7166978942479965,2.3071478180600047,-3.1588018525899915
4.97,0.333507,-0.439486,-0.288001,248,1584,15916,0.09100000000000019,-3.004175468999998,2.715964051000003,-0.5319892739999966,-6.990077861926997,2.5543005467010054,-3.2072128765239913
5.059,0.120948,-0.142803,-0.130229,420,1648,15508,0.08900000000000041,-2.993411096999998,2.703254584000003,-0.5435796549999967,-7.256491449559998,2.7948902046770066,-3.2555914658189913
5.15,0.508044,-0.895438,-0.40895,-164,244,16260,0.09100000000000019,-2.9471790929999977,2.621769726000003,-0.5807941049999968,-7.524684747022998,3.033471249743007,-3.308443729373991
5.238,0.928669,-1.367856,-1.082848,2040,2492,15256,0.08800000000000008,-2.8654562209999974,2.5013983980000027,-0.6760847289999969,-7.776844894470997,3.2535943087670076,-3.367939185525991
5.329,9.408535,-5.401368,-2.135759,-5768,-17016,13640,0.0909999999999993,-2.0092795360000038,2.0098739100000067,-0.8704387979999955,-7.959689332246996,3.436492834577007,-3.44714911614399
5.424,9.809701,-8.939112,-2.01002,6384,19564,-11080,0.09500000000000064,-1.0773579409999976,1.160658270000001,-1.0613906979999967,-8.062038336641997,3.546755370227008,-3.5479812324539903
5.516,1.925296,-1.211581,-0.406854,11644,28408,-9608,0.09199999999999964,-0.9002307089999984,1.0491928180000014,-1.0988212659999965,-8.144859561869996,3.6432811094830075,-3.6490727889259897
5.611,4.398753,-2.80367,-1.737886,4960,11492,-4436,0.09499999999999975,-0.48234917399999944,0.7828441680000021,-1.263920435999996,-8.190682733399996,3.7176513054430074,-3.769145230345989
5.702,-2.666854,1.037043,-0.249381,6852,19768,-7548,0.09100000000000019,-0.7250328879999999,0.8772150810000023,-1.2866141069999961,-8.256660726207995,3.797477877814008,-3.8862271140829887
5.794,0.005089,-0.37512,-0.439187,3484,12476,-3296,0.09199999999999964,-0.7245646999999998,0.8427040410000025,-1.327019310999996,-8.323320678607995,3.875006649586008,-4.008312890694988
5.886,-1.21667,0.601749,0.149689,4832,15964,-4512,0.09200000000000053,-0.8364983400000005,0.8980649490000028,-1.3132479229999958,-8.400278525887996,3.9576286248940087,-4.129131699610989
5.976,-0.068258,-0.15867,-0.233514,4776,15380,-3612,0.08999999999999986,-0.8426415600000005,0.8837846490000028,-1.3342641829999957,-8.476116266287997,4.0371692433040085,-4.249215476080988
6.069,0.235909,-0.612227,-0.393382,5044,15244,-4424,0.09299999999999997,-0.8207020230000005,0.8268475380000028,-1.3708487089999957,-8.552441554426997,4.114066064338009,-4.376704406017988
6.162,1.182541,-0.843945,-0.733774,4608,13076,-4784,0.09299999999999997,-0.7107257100000005,0.7483606530000028,-1.4390896909999957,-8.618539045456997,4.183663605067009,-4.510539747280988
6.254,0.607736,-0.632884,-0.958008,4264,14332,-5440,0.09199999999999964,-0.6548139980000007,0.690135325000003,-1.5272264269999953,-8.678781933272996,4.247156054967009,-4.651044578564987
6.347,1.515149,-0.943338,-0.66851,4552,15380,-7480,0.09300000000000086,-0.5139051409999994,0.6024048910000022,-1.5893978569999958,-8.726575111385996,4.30317970983001,-4.798858579265988
6.438,0.135019,-0.454754,-1.488205,4904,14240,-8244,0.0909999999999993,-0.5016184119999995,0.5610222770000025,-1.7248245119999948,-8.772222386877996,4.35423273703701,-4.955817609857986
6.53,0.251178,0.896336,-0.758024,3328,15104,-8556,0.09200000000000053,-0.4785100359999993,0.643485189000003,-1.7945627199999952,-8.816245310189995,4.4134333744250105,-5.120917380097986
6.621,-0.958906,0.820294,-0.56732,2212,14476,-7780,0.09100000000000019,-0.5657704819999995,0.718131943000003,-1.8461888399999953,-8.867730424051995,4.478783381238011,-5.288920564537986
6.712,0.074246,-0.040416,-0.220042,2500,15048,-7376,0.0909999999999993,-0.5590140959999995,0.7144540870000031,-1.866212661999995,-8.918600706787995,4.54379870315501,-5.458745916779985
6.806,-0.131427,-0.1443,-1.056204,4880,14996,-8584,0.0940000000000003,-0.5713682339999996,0.7008898870000031,-1.9654958379999954,-8.972309320783996,4.609682352533011,-5.643502525551985
6.897,-2.761158,4.54455,-1.061892,7224,14788,-13028,0.09100000000000019,-0.8226336120000002,1.1144439370000039,-2.0621280099999955,-9.047168979475996,4.711096750800012,-5.831156174461984
6.989,-2.462379,8.763975,-2.333647,6364,17416,-11400,0.09199999999999964,-1.0491724799999993,1.9207296370000009,-2.2768235339999947,-9.143692847635997,4.887803877404012,-6.040623939589983
7.083,-9.81,4.04908,-9.804611,6316,18776,-8652,0.0940000000000003,-1.9713124800000024,2.301343157000002,-3.1984569679999977,-9.328996220755997,5.104130134162013,-6.341278894581984
7.17,-9.81,9.809701,-6.591992,5932,116,-19000,0.08699999999999974,-2.8247824799999997,3.1547871439999997,-3.771960271999996,-9.574752296515996,5.378596615690012,-6.669439438245982
7.256,6.375243,4.264332,2.052233,-20828,-6496,4276,0.0860000000000003,-2.2765115819999977,3.521519696000001,-3.5954682339999953,-9.770532292567996,5.681447309546013,-6.978649706369983
7.348,-1.294508,-3.646118,-0.276325,-11328,20144,2372,0.09199999999999964,-2.3956063179999973,3.186076840000002,-3.6208901339999953,-9.990928073823994,5.974566378826013,-7.311771598697981
7.443,2.90486,1.36576,5.301076,-8384,15108,1796,0.09499999999999975,-2.119644617999998,3.3158240400000016,-3.1172879139999967,-10.192294312533994,6.289569662626012,-7.60791395052798
7.531,-0.984652,-0.146096,1.934278,-1576,15140,-460,0.08800000000000008,-2.206293993999998,3.3029675920000017,-2.9470714499999966,-10.386448184005994,6.580230810722012,-7.86725623812798
7.624,0.190105,-0.79335,0.618214,-4532,13772,444,0.09299999999999997,-2.188614228999998,3.2291860420000016,-2.8895775479999966,-10.589989307302995,6.880545112628012,-8.13598695009198
7.713,0.084724,0.00479,1.71214,-3840,16796,-52,0.08900000000000041,-2.1810737929999977,3.2296123520000015,-2.737197087999996,-10.784104874879995,7.167980611956014,-8.37959749092398
7.801,0.452659,-1.055904,2.124981,-5312,17000,168,0.08800000000000008,-2.1412398009999976,3.1366928000000014,-2.550198759999996,-10.972533977367995,7.444009578356014,-8.60401498180398
7.891,-0.433798,-2.107917,1.498983,-1676,16468,144,0.08999999999999986,-2.1802816209999976,2.946980270000002,-2.415290289999996,-11.168759323257994,7.7092378026560135,-8.82139110790398
7.982,-0.056283,-0.513732,3.272495,-508,16800,124,0.09100000000000019,-2.1854033739999976,2.9002306580000017,-2.1174932449999955,-11.367631030291994,7.973158792534014,-9.01408299319898
8.073,-1.621428,-3.366799,3.386857,-1544,16772,160,0.09100000000000019,-2.332953321999998,2.593851949000001,-1.8092892579999948,-11.579929782593995,8.209199319893015,-9.17872831567698
8.165,-5.029242,-9.81,-4.989724,1748,12316,-1716,0.09199999999999875,-2.7956435859999917,1.6913319490000134,-2.268343865999989,-11.83712899250599,8.364801859201014,-9.387415951348975
8.254,0.38949,-8.223899,-0.99064,2320,18328,-688,0.08900000000000041,-2.7609789759999916,0.95940493800001,-2.3565108259999894,-12.082856121369991,8.450188898683015,-9.597145414862975
8.344,3.143463,-4.878954,3.459606,2692,14584,-56,0.08999999999999986,-2.4780673059999923,0.5202990780000107,-2.04514628599999,-12.30588217890999,8.497015815703016,-9.781208580602975
8.433,3.14975,-8.563692,-0.011376,3896,12000,-4388,0.08900000000000041,-2.197739555999991,-0.2418695099999928,-2.04615874999999,-12.501480999393989,8.475489429313017,-9.963316709352975
8.524,4.237389,-4.464316,0.719105,7820,15072,-9916,0.0909999999999993,-1.8121371569999938,-0.6481222659999897,-1.9807201949999904,-12.666385480680987,8.416510303107017,-10.143562247097973
8.616,2.830614,-2.831213,1.226849,3320,15640,-10784,0.09200000000000053,-1.5517206689999923,-0.9085938619999911,-1.8678500869999897,-12.809143782228986,8.332919667803019,-10.315404455101973
8.708,-0.093406,-3.326682,0.048499,2372,14924,-12720,0.09200000000000053,-1.5603140209999924,-1.2146486059999928,-1.8633881789999895,-12.952692672160987,8.22117199605102,-10.486836167569972
8.802,0.633782,-1.757346,1.311872,2476,11904,-11760,0.09399999999999942,-1.5007385129999928,-1.3798391299999917,-1.7400722109999902,-13.093762092382986,8.091467117831021,-10.65040295540397
8.895,-0.380808,-0.635578,0.119751,4144,16772,-16124,0.09299999999999997,-1.5361536569999927,-1.4389478839999916,-1.7289353679999901,-13.236624382483985,7.957644964619022,-10.81119394462797
8.988,-1.339115,1.25499,0.680186,1044,9124,-11588,0.09299999999999997,-1.6606913519999926,-1.3222338139999916,-1.6656780699999902,-13.391068678219984,7.834677219917023,-10.96610200513797
9.079,1.217269,-1.090931,0.154179,1856,11240,-9732,0.09100000000000108,-1.5499198729999912,-1.4215085349999927,-1.65164778099999,-13.532111386662985,7.7053199432320225,-11.116401953208971
9.17,-0.209265,-0.930765,-0.409848,2284,11952,-11552,0.0909999999999993,-1.5689629879999911,-1.5062081499999922,-1.6889439489999898,-13.674887018570983,7.568255001582024,-11.27009585256797
9.264,0.546364,-0.294587,0.158071,3916,14912,-13272,0.09399999999999942,-1.5176047719999914,-1.533899327999992,-1.67408527499999,-13.817541867138981,7.424068464750025,-11.427459868417968
9.356,-0.546364,-0.655038,-0.098196,1072,10916,-11408,0.09200000000000053,-1.5678702599999916,-1.5941628239999923,-1.68311930699999,-13.961785931058982,7.277405484942025,-11.582306844661968
9.451,-0.361349,-0.306563,0.290396,2800,13648,-14208,0.09500000000000064,-1.602198414999992,-1.6232863089999925,-1.6555316869999896,-14.113994780483981,7.123193285587025,-11.739582354926968
9.545,-9.81,9.809701,7.05004,19372,32767,-32768,0.09399999999999942,-2.524338414999986,-0.7011744149999981,-0.9928279269999938,-14.351282591493979,7.057282890577025,-11.832908180064967
9.633,-9.81,8.613988,5.01098,400,-32768,3352,0.08799999999999919,-3.387618414999978,0.05685652899999494,-0.5518616869999978,-14.649393012013974,7.062286265129025,-11.881472008520966
9.718,-9.81,5.26545,0.535586,12548,-3344,12436,0.08500000000000085,-4.221468414999986,0.5044197789999995,-0.5063368769999974,-15.008217827288977,7.105161946344025,-11.924510643065966
9.806,7.58832,-3.928431,-0.762514,7456,5748,13604,0.08799999999999919,-3.553696254999992,0.15871785100000269,-0.5734381089999968,-15.320943097728973,7.119129117232025,-11.974973196657965
9.896,-1.218766,-0.771496,-1.577719,80,-5988,17696,0.09000000000000163,-3.6633851949999943,0.08928321100000143,-0.7154328189999994,-15.650647765278979,7.127164606222025,-12.039362150367966
9.987,-0.826282,-1.037043,-1.331631,4004,8220,14596,0.0909999999999993,-3.7385768569999938,-0.0050877019999978484,-0.8366112399999985,-15.990858259265975,7.126701625340026,-12.115493773207964
10.08,1.343307,-0.993634,-0.242196,3060,1596,15548,0.09299999999999997,-3.613649305999994,-0.09749566399999782,-0.8591354679999985,-16.326927644723973,7.117634528588026,-12.195393371731964
10.172,-0.871787,0.173938,0.099094,2708,3528,15268,0.09200000000000053,-3.693853709999994,-0.08149336799999772,-0.8500188199999985,-16.666762186043975,7.110137138732026,-12.273595103171964
10.264,-0.279918,-0.134121,0.161364,3808,7140,14684,0.09199999999999875,-3.719606165999994,-0.09383249999999756,-0.8351733319999987,-17.00896595331597,7.101504548732026,-12.350431049715963
10.356,-0.118853,-0.460443,-0.460143,1560,2136,15712,0.09200000000000053,-3.730540641999994,-0.1361932559999978,-0.8775064879999989,-17.35217569237997,7.088974769180027,-12.431161646611963
10.449,0.248483,-0.835263,-1.693279,3148,2912,15008,0.09299999999999997,-3.7074317229999942,-0.21387271499999777,-1.0349814349999988,-17.69696684261897,7.069084606685027,-12.527414920066963
10.542,0.232616,-1.440006,2.869234,4172,5476,15012,0.09299999999999997,-3.6857984349999944,-0.34779327299999774,-0.7681426729999989,-18.03974609707397,7.036739832296027,-12.598852188655963
10.633,0.453557,-0.895139,-0.4326,4200,4560,14580,0.0909999999999993,-3.6445247479999945,-0.42925092199999715,-0.8075092729999986,-18.371397849141967,6.997677998394027,-12.672335532498963
10.724,1.818419,-1.222957,0.204774,6944,8372,12500,0.09100000000000108,-3.4790486189999923,-0.5405400089999984,-0.7888748389999984,-18.68799127347097,6.948488857575027,-12.744123142847963
10.816,-1.393003,-0.467628,-0.960104,4616,6384,13988,0.09200000000000053,-3.607204894999993,-0.5835617849999987,-0.8772044069999989,-19.019854123810973,6.894801173355027,-12.824825948291963
10.909,0.360151,-1.890569,-1.804348,5864,2556,14528,0.09299999999999997,-3.573710851999993,-0.7593847019999986,-1.045008770999999,-19.35220923304697,6.824178396069027,-12.922011763994963
11.002,1.198707,-1.105002,-0.900827,7688,11548,11084,0.09299999999999997,-3.462231100999993,-0.8621498879999986,-1.1287856819999988,-19.67419672543997,6.743998456485027,-13.026988832420964
11.095,-1.515149,-0.342787,-0.626597,7084,5576,12388,0.09299999999999997,-3.6031399579999928,-0.8940290789999986,-1.187059202999999,-20.009288741533968,6.660853752138027,-13.137385338299964
11.188,-0.140707,-1.331332,-2.016607,8112,8900,12400,0.09299999999999997,-3.616225708999993,-1.0178429549999986,-1.3746036539999988,-20.345597732470967,6.5661943573230275,-13.265223478121964
11.283,-0.14909,-0.50475,-1.009501,5260,9716,11912,0.09499999999999886,-3.6303892589999927,-1.065794204999998,-1.4705062489999976,-20.690484712075964,6.464943907848029,-13.404921571776962
11.374,0.707728,-0.837359,-0.193997,6180,8244,11892,0.09100000000000108,-3.5659860109999917,-1.1419938739999989,-1.4881599759999977,-21.014989439076967,6.3610224653140275,-13.540344129592963
11.467,-0.451162,-0.560435,-0.294887,7348,10040,10700,0.09299999999999997,-3.6079440769999915,-1.194114328999999,-1.5155844669999976,-21.350528238237967,6.249969832717028,-13.681293485023962
11.561,0.691861,-1.474434,-1.359473,8096,11760,10876,0.09399999999999942,-3.542909142999992,-1.332711124999998,-1.6433749289999968,-21.683561697679963,6.124694986967029,-13.835770728349962
11.654,-6.235733,2.771637,2.135759,5444,14916,9396,0.09299999999999997,-4.122832311999992,-1.074948883999998,-1.4447493419999968,-22.066985102695963,6.024724740755029,-13.97013241715596
11.746,-6.139034,1.713637,-0.176034,6100,-2128,14052,0.09200000000000053,-4.687623439999995,-0.9172942799999972,-1.460944469999997,-22.498246459175963,5.940333666995029,-14.104539308395962
11.84,-4.709806,3.312612,1.224154,4296,488,15400,0.09399999999999942,-5.130345203999992,-0.6059087519999992,-1.3458739939999977,-22.980498908351958,5.883378244307029,-14.23105146383196
11.93,1.180146,0.981958,0.807122,-380,-4896,16104,0.08999999999999986,-5.024132063999993,-0.5175325319999993,-1.2732330139999979,-23.432670794111957,5.83680031642703,-14.34564243509196
12.02,0.25986,1.0101,1.093626,2720,1608,15168,0.08999999999999986,-5.000744663999993,-0.4266235319999994,-1.174806673999998,-23.882737813871955,5.79840419854703,-14.45137503575196
12.106,9.809701,-2.705773,9.809701,-24768,-32768,8624,0.0860000000000003,-4.15711037799999,-0.6593200100000003,-0.33117238799999504,-24.240249306379955,5.74170267768703,-14.47985586111996
12.201,9.809701,-9.81,-6.271958,10704,32767,-32768,0.09500000000000064,-3.2251887829999837,-1.5912700100000066,-0.927008397999999,-24.546642240764957,5.590532026737028,-14.56792165892996
12.292,-9.81,8.158335,-1.946253,-7924,4996,-24984,0.0909999999999993,-4.117898782999977,-0.8488615250000123,-1.1041174209999975,-24.92137103001795,5.513285627962028,-14.668396344240959
12.382,9.809701,-1.635798,1.816024,1448,9944,-7632,0.08999999999999986,-3.2350256929999786,-0.9960833450000122,-0.9406752609999978,-25.21252334238795,5.423638126912027,-14.75305711773096
12.475,-3.955375,0.838556,-0.568817,5460,17264,-9876,0.09299999999999997,-3.6028755679999787,-0.9180976370000122,-0.9935752419999977,-25.547590770211947,5.338255046671026,-14.845459615236958
12.568,5.310058,-4.523893,-1.162183,780,12620,-3172,0.09299999999999997,-3.1090401739999787,-1.338819686000012,-1.1016582609999976,-25.836731506393946,5.213744815873025,-14.947913833509958
12.661,4.547244,-2.700385,-1.569636,8492,16116,-19224,0.09299999999999997,-2.686146481999979,-1.589955491000012,-1.2476344089999976,-26.086543129219944,5.0658789552100245,-15.063943833546958
12.755,0.627795,-1.271755,1.189726,-6508,12444,-13944,0.0940000000000012,-2.627133751999978,-1.7095004610000135,-1.135800164999996,-26.333493701907944,4.905185911876021,-15.170709049056958
12.849,-2.769241,1.845961,7.707472,7024,14856,-16840,0.09399999999999942,-2.8874424059999764,-1.5359801270000146,-0.41129779700000046,-26.60491328807194,4.760803779938021,-15.209371041974958
12.944,-4.856801,1.288221,-0.661025,1676,9800,-10980,0.09500000000000064,-3.3488385009999795,-1.4135991320000139,-0.4740951720000009,-26.923052945666942,4.626511862398019,-15.254410083314959
13.037,6.207292,-1.852548,-1.887275,-2776,6888,-11220,0.09299999999999997,-2.7715603449999797,-1.5858860960000138,-0.6496117470000009,-27.18080805775194,4.479024455470017,-15.31482397578596
13.132,-6.945557,-4.782256,-9.81,7124,22888,-2888,0.09499999999999886,-3.431388259999972,-2.0402004160000082,-1.5815617469999896,-27.50678994245193,4.285205415950019,-15.465072341750956
13.222,-0.297881,0.871188,0.094903,1088,9340,-9260,0.08999999999999986,-3.458197549999972,-1.9617934960000083,-1.5730204769999896,-27.81802772195193,4.108644001310019,-15.606644184680954
13.313,0.999322,0.361349,0.03832,-1012,10544,-11140,0.09100000000000108,-3.367259247999971,-1.9289107370000078,-1.5695333569999896,-28.12444831351993,3.933113124243016,-15.749471720167955
13.406,-0.767604,-0.65414,-2.549199,3688,14260,-9848,0.09299999999999997,-3.438646419999971,-1.9897457570000079,-1.8066088639999895,-28.44424243057993,3.7480667688420155,-15.917486344519954
13.5,-1.910028,-1.411864,-8.207433,-4980,2576,-12816,0.09399999999999942,-3.61818905199997,-2.122460973000007,-2.578107565999985,-28.784352201467925,3.548555437380016,-16.15982845572395
13.594,3.406317,6.353987,2.5968,6712,15988,-19964,0.09399999999999942,-3.2979952539999724,-1.5251861950000107,-2.334008365999986,-29.09436375534392,3.405187935050016,-16.379225242127948
13.684,-9.693842,3.894601,-8.139174,11540,5796,-18164,0.08999999999999986,-4.170441033999971,-1.1746721050000113,-3.066534025999985,-29.469703448403916,3.299467445600015,-16.655213304467946
13.778,-6.240224,9.809701,-1.446293,1204,6096,-15844,0.0940000000000012,-4.757022089999978,-0.2525602109999996,-3.202485567999987,-29.91686352486392,3.2757267857660146,-16.95624694785995
13.872,-2.513872,2.751279,-9.649534,-5596,19952,-5884,0.09399999999999942,-4.993326057999977,0.0060600149999988084,-4.109541763999982,-30.386236174315915,3.2762964271760144,-17.342543873675943
13.967,-0.94723,2.148632,-2.479743,-11300,14008,-328,0.09500000000000064,-5.083312907999978,0.2101800550000002,-4.345117348999983,-30.869150900575917,3.2962635324010146,-17.755330021830943
14.061,3.257227,9.809701,9.809701,11484,4504,-8468,0.09399999999999942,-4.77713356999998,1.1322919489999945,-3.4230054549999887,-31.31820145615591,3.4026989756070134,-18.07709253460094
14.152,-6.409671,8.197554,-1.333727,3600,19588,-5896,0.0909999999999993,-5.360413630999975,1.8782693629999887,-3.544374611999988,-31.805999096576905,3.573621487640011,-18.399630624292936
14.245,0.940943,4.371809,-0.549956,5684,16152,-2624,0.09299999999999997,-5.272905931999976,2.2848475999999884,-3.595520519999988,-32.296379348252906,3.78611231444001,-18.734014032652933
14.338,-8.057445,9.809701,0.748743,6096,18832,-10228,0.09299999999999997,-6.022248316999975,3.1971497929999884,-3.525887420999988,-32.8564484417339,4.083447245189009,-19.06192156280593
14.431,-9.81,6.783893,-3.665578,-9372,15404,4168,0.09299999999999997,-6.934578316999975,3.8280518419999883,-3.866786174999988,-33.5013642252149,4.439456066495008,-19.42153267708093
14.52,-9.81,-9.81,-9.81,-22208,7800,-6156,0.08900000000000041,-7.807668316999979,2.9549618419999844,-4.739876174999992,-34.1962467054279,4.702447670433007,-19.84338165665593
14.603,4.437373,-9.81,-9.81,17484,21744,-32768,0.08300000000000018,-7.439366357999978,2.1407318419999823,-5.554106174999994,-34.813714113141906,4.880128413319006,-20.30437246918093
14.69,-9.81,3.806584,-0.53379,31244,12424,-25520,0.08699999999999974,-8.292836357999976,2.4719046499999813,-5.6005459049999935,-35.5351908762879,5.095184117869003,-20.791619962915927
14.78,8.316107,1.007704,-8.704699,2468,11404,-12464,0.08999999999999986,-7.544386727999977,2.562598009999981,-6.383968814999992,-36.2141856818079,5.325817938769001,-21.366177156265927
14.873,-9.81,9.809701,-5.930069,14224,13968,-19288,0.09299999999999997,-8.456716727999977,3.474900202999981,-6.935465231999992,-37.000660337511896,5.6489836576479995,-22.011175422841927
14.964,-0.68767,9.809701,1.703458,-9980,5592,2368,0.09100000000000108,-8.519294697999978,4.367582993999992,-6.780450553999991,-37.775916155029904,6.046433710102003,-22.628196423255933
15.055,0.073347,8.766371,-4.105662,6752,16904,-2040,0.0909999999999993,-8.512620120999978,5.165322754999986,-7.154065795999988,-38.5505645860409,6.516478080806999,-23.279216410691927
15.147,9.809701,9.809701,8.981024,-9408,15108,-6488,0.09200000000000053,-7.610127628999972,6.0678152469999915,-6.3278115879999834,-39.2506963279089,7.074717083531001,-23.86137507678793
15.239,1.229843,7.491921,-1.228944,3244,22052,-8412,0.09200000000000053,-7.496982072999971,6.757071978999996,-6.440874435999984,-39.9404186786249,7.6963677055990045,-24.453935524899933
15.333,-2.065704,7.151828,-1.200803,2160,22052,-7000,0.09399999999999942,-7.691158248999971,7.429343810999992,-6.553749917999983,-40.66338755403089,8.394726023833,-25.06998801719193
15.426,-9.81,5.721103,0.323627,-1192,22696,-4196,0.09299999999999997,-8.60348824899997,7.961406389999992,-6.523652606999984,-41.46351196118789,9.135136818103,-25.676687709642927
15.515,-9.81,-9.81,-7.786808,-18984,17368,-9644,0.08900000000000041,-9.476578248999974,7.088316389999988,-7.216678518999987,-42.306927425348896,9.765996976813001,-26.318972097833928
15.604,1.315165,-9.81,-9.81,11888,1836,-32768,0.08899999999999864,-9.359528563999977,6.215226390000001,-8.089768518999973,-43.13992546754488,10.319152125522994,-27.038961496024914
15.69,7.99248,0.578098,-3.317102,26620,14896,-30912,0.0860000000000003,-8.672175283999975,6.264942818000001,-8.375039290999974,-43.88573254196888,10.857937207870995,-27.759214875050915
15.782,2.147434,2.680027,-3.312312,-4756,10248,-12752,0.09200000000000053,-8.474611355999974,6.511505302000002,-8.679771994999975,-44.665396786720876,11.456995695654998,-28.557753898590917
15.877,-4.079317,0.109572,-8.937016,18128,14476,-19444,0.09500000000000064,-8.862146470999976,6.521914642000002,-9.528788514999981,-45.50730070146588,12.076577586645001,-29.46298880751592
15.973,-1.653761,8.139474,-3.075804,-2904,5208,-6676,0.09600000000000009,-9.020907526999975,7.303304146000003,-9.82406569899998,-46.373307824057875,12.777694784661001,-30.40609911461992
16.067,-0.027243,2.527644,-6.085445,8144,19336,-10448,0.09399999999999942,-9.023468368999975,7.540902682000001,-10.396097528999977,-47.22151385074387,13.486539636768997,-31.38333228234591
16.161,-9.81,7.255113,-5.299879,4840,15028,-10132,0.0940000000000012,-9.945608368999986,8.22288330400001,-10.894286154999984,-48.15640103742988,14.259490667345007,-32.40739518091592
16.251,-3.140769,6.888376,-2.983596,-4376,6672,-1940,0.08999999999999986,-10.228277578999986,8.84283714400001,-11.162809794999983,-49.076946019539875,15.055346010305007,-33.412048062465914
16.345,5.454657,6.6366,2.440525,-2752,23872,-3676,0.09399999999999764,-9.715539820999998,9.466677543999994,-10.93340044499999,-49.99020676271385,15.945213699440984,-34.43978770429589
16.435,-9.671988,2.969824,0.97148,-6592,26504,-1176,0.08999999999999986,-10.586018740999997,9.733961703999993,-10.84596724499999,-50.94294844940385,16.821270252800982,-35.41592475634589
16.529,-9.81,-9.81,-3.01024,-10708,14968,-392,0.0940000000000012,-11.508158741000008,8.811821703999982,-11.128929804999993,-52.024715371057866,17.649581492976992,-36.4620441580159
16.615,-3.817362,-9.81,-3.09227,9896,-14464,3060,0.08599999999999852,-11.836451873000001,7.968161703999996,-11.394865024999989,-53.04265023213585,18.33484339952098,-37.44200255016588
16.704,9.809701,-9.81,-7.873927,4196,-1868,-14204,0.08900000000000219,-10.96338848399998,7.095071703999975,-12.095644528000006,-54.01839180721187,18.966304781176994,-38.51851491315791
16.795,9.809701,-1.118774,-3.353926,18052,19772,-28692,0.09100000000000108,-10.070705692999969,6.993263269999973,-12.40085179400001,-54.93482602527488,19.602691738746998,-39.64699242641192
16.89,-4.249064,0.276924,-5.36664,6160,5468,-7328,0.09499999999999886,-10.474366772999964,7.019571049999973,-12.910682594000004,-55.92989086870986,20.269550988496988,-40.873507272841906
16.98,3.353626,-4.585265,-3.607199,2180,2220,-9188,0.08999999999999986,-10.172540432999964,6.606897199999974,-13.235330504000004,-56.84541950767986,20.864171736496985,-42.0646870182019
17.072,4.055666,-2.073788,-0.939746,5552,16140,-19424,0.09199999999999875,-9.79941916099997,6.416108703999977,-13.321787136000003,-57.746966070491844,21.454453737264974,-43.290291434713886
17.167,-6.096522,0.191003,-1.366359,2972,7904,-16100,0.09500000000000242,-10.378588750999985,6.434253988999977,-13.451591241000006,-58.732932001836865,22.065707866219988,-44.56819260260892
17.261,-6.615643,5.056785,-1.963317,7492,23420,-32404,0.09399999999999764,-11.000459192999969,6.909591778999965,-13.636143039000002,-59.766975165978835,22.71520949344597,-45.84999004827488
17.355,-9.81,6.754554,-2.461481,7692,-5456,-9980,0.0940000000000012,-11.92259919299998,7.544519854999972,-13.867522253000004,-60.887699490120845,23.424394359815974,-47.1535371400569
17.444,9.809701,-9.81,-7.235055,-30820,-32768,-9352,0.08899999999999864,-11.049535803999994,6.671429854999985,-14.511442147999995,-61.87110817667683,24.018151616910963,-48.44505549122888
17.537,-9.81,9.809701,2.869832,27172,32767,-32768,0.09299999999999997,-11.961865803999993,7.583732047999985,-14.244547771999995,-62.983561696448824,24.72343869737496,-49.76979843402488
17.627,-9.81,9.809701,9.809701,-13444,-32768,8128,0.08999999999999986,-12.844765803999993,8.466605137999984,-13.361674681999997,-64.13959061880882,25.485433159794958,-50.97234915540488
17.718,9.809701,-9.81,-7.58383,20596,32767,-32768,0.09100000000000108,-11.952083012999982,7.5738951379999735,-14.051803212000005,-65.22723017299184,26.174657617352963,-52.25106324769689
17.809,-9.81,9.809701,3.040478,-25652,-25848,-14080,0.09100000000000108,-12.844793012999991,8.466577928999984,-13.775119714000002,-66.39610633717486,26.94511620889197,-53.50459914167091
17.901,9.809701,-9.81,-4.216133,8908,27380,-32768,0.09199999999999875,-11.942300521000003,7.564057928999996,-14.163003949999997,-67.49479798510684,27.64100953835996,-54.80759550507089
17.992,-9.81,5.728288,-1.975891,-2480,10004,-11228,0.09100000000000108,-12.835010521000013,8.085332137000002,-14.342810030999999,-68.66278394251786,28.37677476282697,-56.11279121789191
18.083,9.809701,-4.508026,-0.094903,-3148,10556,-13420,0.09099999999999753,-11.942327730000038,7.675101771000013,-14.351446203999998,-69.74953576594784,29.075209023987952,-57.41877282245588
18.178,-4.587061,1.638194,0.138312,1716,17408,-16108,0.09500000000000242,-12.378098525000048,7.830730201000017,-14.338306563999998,-70.92545512582288,29.819128393082973,-58.780911946035914
18.272,5.865104,-2.490521,-0.558638,-656,8312,-12376,0.09399999999999764,-11.826778749000063,7.596621227000022,-14.390818535999996,-72.03717232822886,30.53321078842096,-60.13364888841988
18.366,-3.037184,0.549956,0.451461,-32,14988,-13396,0.0940000000000012,-12.112274045000067,7.648317091000023,-14.348381201999995,-73.17572608845889,31.25215259497497,-61.482396721407895
18.459,4.754713,-1.532813,1.208287,-724,5712,-15204,0.09299999999999997,-11.670085736000066,7.505765482000023,-14.236010510999995,-74.26104406190689,31.95018878480097,-62.8063456989309
18.551,0.356858,0.041613,1.03854,3124,15744,-20592,0.09199999999999875,-11.637254800000067,7.5095938780000235,-14.140464830999996,-75.33167150350688,32.64107142157697,-64.10726846338288
18.642,-9.81,4.088598,-2.333647,9000,28748,-32768,0.09100000000000108,-12.529964800000077,7.881656296000028,-14.352826707999998,-76.4718983003069,33.358302144512976,-65.41337569381089
18.733,-9.81,5.114864,-7.515572,12480,-13096,-32768,0.09100000000000108,-13.422674800000086,8.347108920000034,-15.036743760000007,-77.69336170710693,34.11788905623299,-66.78171937597091
18.825,1.416355,-1.416654,-2.189048,-32768,-32768,14184,0.09199999999999875,-13.292370140000088,8.216776752000035,-15.238136176000005,-78.91625975998693,34.873832517416986,-68.18362790416289
18.923,-7.840097,5.963898,2.055226,-5100,15388,11196,0.09799999999999898,-14.06069964600008,8.801238756000028,-15.036724028000007,-80.29420832529492,35.73635391550498,-69.65722685890688
19.016,5.275929,-1.18314,0.197589,-9128,-700,11936,0.09299999999999997,-13.57003824900008,8.691206736000028,-15.018348251000008,-81.55622188245192,36.54463614195298,-71.05393324624988
19.107,-1.26457,-0.207768,-0.908311,-7972,-2664,12240,0.09100000000000108,-13.685114119000081,8.672299848000028,-15.101004552000008,-82.80156726728094,37.33381542812099,-72.4281246604819
19.202,-0.783171,-0.414937,2.487228,-16952,-6396,13816,0.09500000000000242,-13.759515364000084,8.632880833000026,-14.864717892000002,-84.10872122686098,38.153939107256015,-73.84027286022193
19.297,9.809701,-9.81,-3.848797,-1152,-32768,-32768,0.09499999999999886,-12.827593769000094,7.7009308330000374,-15.230353606999998,-85.32734263491598,38.88552753639101,-75.28715645288692
19.391,-9.81,9.809701,6.961723,21496,32767,-32768,0.09399999999999764,-13.749733769000072,8.623042727000014,-14.575951645000014,-86.61981760920196,39.69609355272899,-76.65729590751688
19.481,7.5979,-2.700385,-0.332908,-788,-13368,5368,0.09000000000000341,-13.065922769000046,8.380008077000005,-14.605913365000015,-87.795750658412,40.45029427965902,-77.97182811036693
19.572,0.897534,-1.507964,-2.283951,212,19020,-1760,0.09099999999999753,-12.984247175000048,8.242783353000009,-14.81375290600001,-88.97731715133698,41.200387564782,-79.3198796248129
19.665,4.300557,-5.169949,-9.81,13916,16436,-19180,0.09299999999999997,-12.584295374000048,7.761978096000009,-15.72608290600001,-90.14765662111898,41.922251527709996,-80.7824053350709
19.756,4.931345,8.179891,1.653162,-3988,14292,-21188,0.09100000000000108,-12.135542979000043,8.506348177000017,-15.575645164000008,-91.251991032208,42.69632921181701,-82.19978904499493
19.85,-1.84207,4.250561,-1.03405,-3864,13872,-14868,0.0940000000000012,-12.308697559000045,8.905900911000023,-15.67284586400001,-92.40900860275401,43.53348389745102,-83.67303655621095
19.943,-3.062631,-1.835483,-0.750839,-3384,10208,-11244,0.09299999999999997,-12.593522242000045,8.735200992000022,-15.74267389100001,-93.58020617126002,44.34585758970702,-85.13710522807395
20.039,-0.445474,-5.808222,-1.079256,-688,6228,-17084,0.09600000000000009,-12.636287746000045,8.177611680000021,-15.84628246700001,-94.79328979487602,45.130908310987024,-86.65834834490595
20.134,-0.459245,-3.09227,0.69246,3560,9364,-16452,0.09499999999999886,-12.679916021000045,7.883846030000025,-15.780498767000012,-95.997881816871,45.87987368383702,-88.15749572777094
20.225,1.311273,3.540438,-0.113165,1460,6872,-15936,0.09100000000000108,-12.560590178000043,8.20602588800003,-15.790796782000012,-97.14089552306902,46.62662203964503,-89.59445823493296
20.318,0.602647,3.380271,-1.030158,-616,7780,-8684,0.09299999999999997,-12.504544007000042,8.520391091000029,-15.886601476000012,-98.30381811572002,47.41901841110803,-91.07191217220095
20.41,2.693798,-0.728685,-2.396517,-3480,8092,-9120,0.09199999999999875,-12.256714591000046,8.45335207100003,-16.107081040000008,-99.43143585809202,48.19672680164002,-92.55376362788094
20.502,4.336782,-2.720443,-1.637595,-4460,8844,-16384,0.09199999999999875,-11.857730647000052,8.203071315000033,-16.257739780000005,-100.522347077616,48.95140936262001,-94.04947568764092
20.597,2.506388,-1.067281,1.754951,-4540,11640,-20464,0.09500000000000242,-11.619623787000046,8.10167962000003,-16.091019435,-101.62621133738104,49.72106892652003,-95.57812253396597
20.691,-4.174819,0.764011,2.376458,-6364,4840,-25756,0.09399999999999764,-12.012056773000037,8.17349665400003,-15.867632383000005,-102.75534467404302,50.48937761199602,-97.06967997796794
20.785,0.326321,1.227448,2.882705,-5272,4184,-17788,0.0940000000000012,-11.981382599000037,8.288876766000032,-15.596658113000002,-103.88159463834903,51.26853202800003,-98.53576584058996
20.877,0.220042,1.862427,0.171543,-2488,6952,-17440,0.09199999999999875,-11.961138735000038,8.460220050000029,-15.580876157000002,-104.98201940196901,52.04687227260003,-99.96920644703394
20.97,-6.60756,2.537823,0.737067,-2148,5712,-13400,0.09299999999999997,-12.575641815000038,8.69623758900003,-15.512328926000002,-106.15155409076401,52.85562236837703,-101.41185303715194
21.062,-3.69791,-0.594863,1.926793,-140,5740,-10404,0.0920000000000023,-12.915849535000048,8.641510193000029,-15.335063969999998,-107.33981224798404,53.650641306133046,-102.82267892239197
21.154,2.186952,-0.170645,2.685715,4736,9772,-10936,0.09199999999999875,-12.71464995100005,8.62581085300003,-15.087978190000001,-108.50956004347603,54.44421590460904,-104.21077291587196
21.247,-8.590936,-2.069297,0.924777,5716,10028,-14072,0.09299999999999997,-13.51360699900005,8.43336623200003,-15.001973929000002,-109.76632549438304,55.22851896418504,-105.60595649126896
21.341,-5.42442,1.312171,1.571732,8416,12704,-7772,0.0940000000000012,-14.023502479000056,8.556710306000031,-14.854231121,-111.08453472740906,56.03284973294905,-107.00225421664297
21.432,-1.186134,-0.073347,-4.36163,6172,12164,-7380,0.09099999999999753,-14.131440673000053,8.550035729000031,-15.25113945099999,-112.37049582865204,56.810902984288035,-108.39010790668392
21.527,2.914439,6.854546,-0.920885,976,11868,-11400,0.09500000000000242,-13.854568968000047,9.201217599000048,-15.338623525999992,-113.68667988061208,57.68501865619306,-109.84727714165396
21.619,4.297863,4.889133,-3.293451,-2676,13268,-12308,0.09199999999999875,-13.459165572000051,9.651017835000042,-15.641621017999988,-114.92492311323606,58.57291229701305,-111.28630627530994
21.714,3.524571,1.723217,-1.04333,-2704,15804,-13956,0.09499999999999886,-13.124331327000055,9.81472345000004,-15.740737367999987,-116.17173458930105,59.50531102476304,-112.78167632526993
21.807,-2.732119,-1.350492,-0.34159,-740,15900,-14004,0.09299999999999997,-13.378418394000056,9.68912769400004,-15.772505237999987,-117.41592749994305,60.40639990030504,-114.24851931240393
21.901,-3.869454,-2.230961,1.001717,1868,13668,-11168,0.0940000000000012,-13.74214707000006,9.479417360000038,-15.678343839999986,-118.70768932452307,61.29746513214506,-115.72228363336394
21.997,-2.070794,-2.156116,1.283431,3236,11944,-8552,0.09600000000000009,-13.94094329400006,9.272430224000038,-15.555134463999986,-120.04601988074708,62.187618433649064,-117.21557654190795
22.09,0.775687,-0.732577,0.407453,3812,11524,-8920,0.09299999999999997,-13.86880440300006,9.204300563000038,-15.517241334999985,-121.33581869022609,63.04361838600807,-118.65867998606295
22.182,1.110092,0.67809,-0.619412,2660,12768,-10620,0.09199999999999875,-13.766675939000063,9.266684843000037,-15.574227238999985,-122.60235287661408,63.89615339156406,-120.09150889205092
22.274,0.943039,1.538501,-0.997526,1724,13976,-10908,0.0920000000000023,-13.679916351000061,9.408226935000041,-15.665999630999988,-123.86090518090612,64.76171026958409,-121.53278085810295
22.367,0.193098,0.93316,-0.34638,588,14332,-10624,0.09299999999999997,-13.66195823700006,9.495010815000041,-15.698212970999988,-125.13146729694712,65.64474627537909,-122.99271466440595
22.459,-0.438588,-0.424218,-0.065564,496,13308,-10776,0.09199999999999875,-13.70230833300006,9.455982759000042,-15.704244858999989,-126.3920796635831,66.51469668920709,-124.43750519143393
22.553,-0.731379,-1.308579,-0.083526,1168,12704,-11132,0.0940000000000012,-13.77105795900006,9.33297633300004,-15.712096302999988,-127.68655911172912,67.3919964645091,-125.91444224391594
22.649,-0.503553,-0.922681,-0.10119,2508,13504,-10652,0.09600000000000009,-13.819399047000061,9.24439895700004,-15.721810542999988,-129.01322142024114,68.2794587643811,-127.42373605604395
22.743,-1.098117,-0.175136,0.01916,2236,12772,-10496,0.09399999999999764,-13.92262204500006,9.22793617300004,-15.720009502999988,-130.32194789247112,69.14688476464309,-128.90141694932592
22.836,-0.253573,-0.077239,-0.226329,1672,12720,-9492,0.09299999999999997,-13.94620433400006,9.22075294600004,-15.741058099999988,-131.61894489553313,70.00441478862109,-130.36533535262592
22.932,1.304986,-0.227527,-0.332309,1152,13984,-10260,0.09600000000000009,-13.820925678000059,9.19891035400004,-15.772959763999987,-132.94575376062113,70.8875101826051,-131.87953948996991
23.026,0.25507,-0.21645,0.041314,652,13112,-12504,0.0940000000000012,-13.796949098000058,9.17856405400004,-15.769076247999987,-134.24266697583315,71.75029520368112,-133.36183265728192
23.117,-0.885559,-0.162861,-0.045206,864,13024,-11944,0.09100000000000108,-13.877534967000058,9.163743703000039,-15.773189993999987,-135.50552265783017,72.58419588065414,-134.79719294673595
23.211,-2.527644,-1.205593,-0.896336,1000,13168,-8320,0.09399999999999764,-14.115133503000052,9.050417961000042,-15.857445577999984,-136.83234520711216,73.43493516898812,-136.28779283106792
23.305,2.835404,-0.224832,-0.272434,1484,13740,-11168,0.0940000000000012,-13.84860552700005,9.029283753000042,-15.883054373999984,-138.1341141266502,74.28368784177013,-137.78079994222392
23.401,3.587739,2.71236,4.049679,-488,16208,-17092,0.09600000000000009,-13.50418258300005,9.289670313000043,-15.494285189999983,-139.4305156546182,75.17549619181814,-139.26825132046392
23.492,-2.721042,3.209626,4.838539,-368,15908,-18692,0.09100000000000108,-13.751797405000053,9.581746279000047,-15.053978140999979,-140.68192921847321,76.04743510320715,-140.63816333129492
23.586,-9.81,0.082329,6.766829,-2080,2664,-16808,0.09399999999999764,-14.67393740500003,9.589485205000047,-14.417896214999995,-142.06127933454317,76.94884671247713,-141.9934455755049
23.675,-9.81,-9.81,3.480862,156,-4400,-14064,0.08900000000000219,-15.547027405000051,8.716395205000026,-14.108099496999987,-143.44496477358823,77.72460588572216,-143.2490664307379
23.76,-2.525548,-9.81,-3.244054,12344,-3480,-21376,0.08500000000000085,-15.761698985000054,7.882545205000017,-14.38384408699999,-144.78470918731324,78.39462222814717,-144.4716931781329
23.852,4.985832,-0.916095,4.296066,15068,12628,-23188,0.09199999999999875,-15.30300244100006,7.798264465000019,-13.988606014999995,-146.19258541188523,79.11206255892716,-145.7586449315129
23.946,-8.49753,5.481002,-2.229763,11320,18432,-21536,0.0940000000000012,-16.10177026100007,8.313478653000026,-14.198203736999998,-147.70615181641926,79.89352955230918,-147.0932760827909
24.042,-9.81,6.520142,-7.286249,6996,3864,-18052,0.09600000000000009,-17.043530261000072,8.939412285000026,-14.897683640999999,-149.34233072147526,80.75171313166918,-148.5234537123269
24.131,-7.141949,9.809701,-5.194199,7720,5368,1580,0.08899999999999864,-17.679163722000062,9.812475674000012,-15.359967351999991,-150.91577629273326,81.62502346665516,-149.89049080665487
24.222,8.869955,9.809701,-4.541256,-5968,2408,-6860,0.09100000000000108,-16.871997817000054,10.705158465000023,-15.773221647999996,-152.45112809408027,82.59919288697017,-151.32585397662288
24.315,9.809701,7.085067,-3.922743,-17076,6252,-29620,0.09299999999999997,-15.959695624000053,11.364069696000023,-16.138036746999997,-153.93537978711228,83.65605136869817,-152.82669139409387
24.409,-0.070054,-2.251318,-9.81,-5268,24228,-27412,0.09399999999999764,-15.966280700000054,11.152445804000028,-17.060176746999975,-155.43621017291224,84.70438127427416,-154.43034800831182
24.501,-9.81,7.85776,6.653963,-6720,10664,-25980,0.0920000000000023,-16.868800700000076,11.875359724000045,-16.44801215099996,-156.98813983731227,85.79691436888218,-155.94356512620385
24.592,-9.81,-0.204475,5.966293,-2184,5220,-1848,0.09099999999999753,-17.761510700000052,11.856752499000045,-15.905079487999975,-158.60443731101225,86.87587884629116,-157.39092735961182
24.681,-7.567663,-9.81,-5.802833,880,-4276,788,0.08900000000000219,-18.43503270700007,10.983662499000024,-16.42153162499999,-160.2451552219353,87.85342480870219,-158.85244367423687
24.768,9.809701,-9.81,-7.233558,8292,7736,-13052,0.08699999999999974,-17.58158872000007,10.130192499000026,-17.050851170999987,-161.7747534405753,88.73475155611519,-160.33586772611386
24.858,0.410746,9.78156,2.90456,-3716,7180,-9912,0.08999999999999986,-17.54462158000007,11.010532899000024,-16.789440770999988,-163.3537693827753,89.72569951702519,-161.84691739550385
24.947,7.962842,3.146756,-7.900271,-2620,9956,-5168,0.08899999999999864,-16.83592864200008,11.29059418300002,-17.492564889999976,-164.8521670319133,90.73056239931218,-163.40375567071382
25.04,9.809701,4.24158,2.480043,-5160,13872,-13056,0.09299999999999997,-15.92362644900008,11.685061123000018,-17.261920890999974,-166.3330642916703,91.81727308375118,-165.00911431357682
25.131,-2.670746,-2.215693,-1.022075,-5964,8756,-11968,0.09100000000000108,-16.166664335000082,11.483433060000015,-17.354929715999976,-167.80423074615533,92.8622654922112,-166.58841291773282
25.226,-1.008603,-0.33201,-5.276827,304,11212,-10392,0.09499999999999886,-16.26248162000008,11.451892110000015,-17.85622828099997,-169.3491665000553,93.95019524266118,-168.2847546044278
25.321,-1.098715,0.927771,0.598156,-456,13744,-12136,0.09500000000000242,-16.366859545000082,11.540030355000017,-17.79940346099997,-170.90401815683035,95.04649812638621,-169.97569793322285
25.414,1.337319,-1.082549,0.014969,-2152,9808,-14132,0.09299999999999997,-16.24248887800008,11.439353298000016,-17.798011343999967,-172.41456962248435,96.11035798310022,-171.63091298821485
25.508,-0.605641,0.209864,-0.182022,-3752,10192,-14060,0.09399999999999764,-16.29941913200008,11.459080514000016,-17.815121411999968,-173.94671502089233,97.1875115514162,-173.3055344009428
25.603,-0.34129,-0.12484,-0.054187,-3612,10132,-12928,0.09500000000000242,-16.33184168200008,11.447220714000016,-17.820269176999968,-175.49823998068237,98.27499751924623,-174.99845997275784
25.697,-0.279319,-0.141606,-0.077539,-3704,10160,-13192,0.09399999999999764,-16.358097668000077,11.433909750000016,-17.82755784299997,-177.03590116147433,99.34978503574621,-176.6742504099998
25.795,-0.240699,-0.13951,-0.069456,-3844,10188,-13468,0.09800000000000253,-16.381686170000076,11.420237770000016,-17.83436453099997,-178.6413064061344,100.46896833720623,-178.42201813403784
25.89,-0.264051,-0.11077,-0.077838,-3508,9992,-13316,0.09499999999999886,-16.406771015000075,11.409714620000017,-17.84175914099997,-180.19994965255938,101.55289122610623,-180.1169852524328
25.984,-0.282612,-0.142204,-0.076341,-3632,9976,-13192,0.0940000000000012,-16.433336543000074,11.396347444000016,-17.848935194999967,-181.74468328760142,102.62414788584223,-181.79478516076284
26.079,-0.261357,-0.147593,-0.082928,-3764,9956,-13260,0.09499999999999886,-16.458165458000074,11.382326109000015,-17.856813354999968,-183.3082090061114,103.70546886619722,-183.49118242948782
26.176,-0.294587,-0.141306,-0.094603,-3592,9908,-13460,0.09699999999999775,-16.486740397000073,11.368619427000015,-17.865989845999966,-184.90742282462037,104.8082249506162,-185.22418344454977
26.271,-0.28381,-0.130529,-0.112267,-3712,9864,-13388,0.09500000000000242,-16.513702347000073,11.356219172000014,-17.876655210999967,-186.47622454758542,105.88706577195622,-186.92246568959482
26.365,-0.286804,-0.136217,-0.079634,-3648,9844,-13480,0.09399999999999764,-16.540661923000073,11.343414774000014,-17.884140806999966,-188.03104676834738,106.9533467607122,-188.60357492545276
26.461,-0.312251,-0.142504,-0.084125,-3588,9904,-13308,0.09600000000000009,-16.57063801900007,11.329734390000013,-17.892216806999965,-189.62182801817139,108.0410012621522,-190.32122773892476
26.557,-0.303569,-0.138312,-0.071252,-3640,9848,-13588,0.09600000000000009,-16.59978064300007,11.316456438000014,-17.899056998999963,-191.21540695989938,109.1273810802002,-192.03953721082877
26.653,-0.298779,-0.138911,-0.080533,-3640,9824,-13464,0.09600000000000009,-16.62846342700007,11.303120982000014,-17.906788166999963,-192.8117394488914,110.21248069447219,-193.75858887486078
26.748,-0.294288,-0.147892,-0.085023,-3680,9724,-13620,0.09500000000000242,-16.656420787000073,11.289071242000013,-17.914865351999964,-194.39409942365643,111.28494246246223,-195.4605010833008
26.844,-0.316143,-0.135618,-0.082029,-3676,9716,-13464,0.09600000000000009,-16.686770515000074,11.276051914000012,-17.922740135999963,-195.99602939309645,112.36744344620622,-197.18108413635682
26.94,-0.309556,-0.13951,-0.091011,-3616,9680,-13508,0.09600000000000009,-16.716487891000074,11.262658954000011,-17.931477191999964,-197.60081223063247,113.44865870579022,-198.9025059467888
27.033,-0.30776,-0.151485,-0.085921,-3456,9716,-13388,0.09299999999999997,-16.745109571000075,11.24857084900001,-17.939467844999964,-199.1581074207355,114.49477579474723,-200.5708764563738
27.128,-0.305066,-0.140707,-0.089514,-3556,9640,-13560,0.09499999999999886,-16.774090841000074,11.23520368400001,-17.947971674999962,-200.75164605063048,115.56212014472722,-202.2759337654988
